subject	section	front	back
Mathematics	Algebra 1	Evaluate: $1 + 11^2 \div (2 + 9) + 1 \times 9$	21
Mathematics	Pre-Calc	Let $A = \{a, c, u, t, e\}$, $O = \{o, b, t, u, s, e\}$, and $R = \{r, i, g, h, t\}$. Find the number of elements in $(A \cup R) \cap O$.	3 ($A \cup R = \{a,c,u,t,e,r,i,g,h\}$; elements also in $O$: $t, u, e$)
Mathematics	Algebra 1	The number $111A09201B$ is divided by 9 with a remainder of 5. Find the least possible value of $A + B$.	8
Mathematics	Algebra 1	Mae B. Tulong had 12 yards of rope. She cut off a piece 2 yards 1 foot 8 inches long, then divided the remaining rope into four equal parts. How long was each part?	2 yards 1 foot 1 inch
Mathematics	Algebra 1	Let $4x^2 + 17x - 15 = (ax + b)(cx + d)$. Find $a + b + c + d$.	7 (factors as $(4x - 3)(x + 5)$, so $4 + (-3) + 1 + 5 = 7$)
Mathematics	Algebra 2	Let $(2x-1)^2(2x+1) = ax^3 + bx^2 + cx + d$. Find $a + b + c + d$.	3 (substitute $x = 1$: $(1)^2(3) = 3 = a+b+c+d$)
Mathematics	Algebra 2	Simplify: $\left(\dfrac{x^2-3x-10}{x^2+2x-35}\right) \div \left(\dfrac{x^2+9x+14}{x^2+4x-21}\right)$	$\dfrac{x-3}{x+7}$
Mathematics	Geometry	A polyhedron has 7 faces and 11 edges. How many vertices does it have? (Hint: Euler's formula $V - E + F = 2$)	6
Mathematics	Geometry	Two lines are ________ if and only if the product of their slopes equals $-1$.	Perpendicular
Mathematics	Geometry	A right cylinder has a diameter of 4 inches and a height of 5 inches. What is the total surface area? (nearest tenth)	$88.0 \text{ in}^2$ ($= 28\pi \text{ in}^2$)
Mathematics	Algebra 2	If $\dfrac{3x+2}{x-1} - \dfrac{x-3}{2x+1} = \dfrac{ax^2+bx+c}{dx^2+ex+f}$, find $a + b + c + d + e + f$.	15 (numerator: $5x^2+11x-1$; denominator: $2x^2-x-1$; sum of all coefficients: $5+11-1+2-1-1=15$)
Mathematics	Algebra 2	Given $a_1 = 1$, $a_2 = 3$, $a_3 = -5$, and $a_n = a_{n-1} + a_{n-3} - a_{n-2}$ for $n \geq 4$, find $a_6$.	3 ($a_4=-7,\ a_5=1,\ a_6=1+(-5)-(-7)=3$)
Mathematics	Algebra 2	Let $x - 3y = 5$, $2y + z = 3$, and $2 - z = x$. Find $x + yz$.	$-103$ ($x=-13,\ y=-6,\ z=15$)
Mathematics	Algebra 1	Which mathematician is noted for his work with sets, probability, and logic?	John Venn
Mathematics	Statistics	Thirty seniors took a state math test — 22 boys and 8 girls — each with an equal chance at one of the top 3 medals. What is the probability that exactly two girls and one boy won medals? (nearest whole percent)	15% $\left(\dfrac{\binom{8}{2}\binom{22}{1}}{\binom{30}{3}} = \dfrac{616}{4060} \approx 15\%\right)$
Mathematics	Pre-Calc	The expression $(1 - \cos\theta)(1 + \cos\theta)(1 + \cot^2\theta)$ is equivalent to which of the following? (A) $\csc^2\theta$ (B) $\frac{1}{\sec\theta}$ (C) $1$ (D) $\frac{1}{\csc\theta}$ (E) $\sin^2\theta + 1$	C) 1 ($\sin^2\theta \cdot \csc^2\theta = 1$)
Mathematics	Pre-Calc	$e^{3i} = \cos(3) + i\sin(3)$ is an example of whose formula?	Euler's formula
Mathematics	Algebra 2	If $f(x) = x^2 - 3x + 2$ and $g(x) = 2x^2 - x + 3$, find $g(f(4))$.	69 ($f(4)=6$; $g(6)=72-6+3=69$)
Mathematics	Algebra 2	$(8x^3 - 4x^2 - 2x + 1) \div (2x + 1)$ has a remainder of _____.	0 (divides evenly; by remainder theorem: substitute $x = -\tfrac{1}{2}$, result $= 0$)
Mathematics	Pre-Calc	In the expansion of $(3x + 2y)^5$, find the absolute value of the difference between the coefficients of the $x^2y^3$ term and the $x^3y^2$ term.	360 ($\binom{5}{2}3^2 2^3 = 720$ and $\binom{5}{3}3^3 2^2 = 1080$; $|720-1080|=360$)
Mathematics	Calculus	Find the total area in square units bounded by $f(x) = x^3$, $x = -2$, and $x = 1$ (counting area as positive on both sides of the x-axis).	4.25 sq units ($\int_{-2}^{0}(-x^3)\,dx + \int_{0}^{1} x^3\,dx = 4 + 0.25$)
Mathematics	Algebra 2	Find the 20th term of the sequence: $3,\ 8,\ 15,\ 24,\ 35,\ 48,\ \ldots$	440 (general term $a_n = n^2 + 2n$, so $a_{20} = 400 + 40 = 440$)
Mathematics	Statistics	A box contains 6 white, 4 pink, and 2 blue golf balls. Three are drawn without replacement. What are the odds (expressed as a percent) that all three are the same color? (nearest whole percent)	12% (favorable outcomes: $\binom{6}{3}+\binom{4}{3}=24$; unfavorable: $196$; odds $= 24/196 \approx 12\%$)
Mathematics	Algebra 1	An electric company charges a $\$10.50$ monthly base fee, $8¢$ per kWh, and a $\$25.00$ credit for usage over 1200 kWh. What is the bill before taxes for 1450 kWh?	$\$101.50$ ($\$10.50 + 1450 \times \$0.08 - \$25.00$)
Mathematics	Algebra 1	Two billion three hundred four million five thousand sixty-seven is added to twenty-three million four hundred fifty-two thousand six hundred seven. Which digit appears most often in the sum?	7 (the sum is 2,327,457,674; digit 7 appears three times)
Mathematics	Geometry	Triangle PQR has base 40 cm and height 60 cm. Triangle ICU is formed by reducing the base by 25% and increasing the height by 20%. The area of ICU is what percent of the area of PQR?	90% (ICU area $= \tfrac{1}{2}(30)(72) = 1080$; PQR area $= 1200$; $1080/1200 = 90\%$)
Mathematics	Algebra 2	PurtyDurty detergent is 20% bleach; WishyWashy is 45% bleach. What percent of a mixture should be PurtyDurty to achieve a 35% bleach mixture?	40% ($0.20p + 0.45(1-p) = 0.35 \Rightarrow p = 0.40$)
Mathematics	Pre-Calc	A circle is centered at the origin with radius 3. Starting at $(-3, 0)$, you travel $\dfrac{8\pi}{3}$ radians clockwise. In which quadrant do you stop?	Quadrant I (starting angle $\pi$; subtract $\frac{8\pi}{3}$: $\pi - \frac{8\pi}{3} = -\frac{5\pi}{3} \equiv \frac{\pi}{3}$)
Mathematics	Calculus	A circular pool's radius increases at 4 cm/min. How fast is the area increasing when the radius is 5 cm? (nearest cm²/min)	126 cm²/min ($\frac{dA}{dt} = 2\pi r \frac{dr}{dt} = 2\pi(5)(4) = 40\pi \approx 126$)
Mathematics	Statistics	Betty selects one letter from $\{a, c, u, t, e\}$ and one from $\{o, t, u, s, e\}$. What is the probability she selects exactly one vowel? (nearest whole percent)	48% ($\frac{3}{5} \cdot \frac{2}{5} + \frac{2}{5} \cdot \frac{3}{5} = \frac{12}{25} = 48\%$)
Mathematics	Statistics	Betty selects one letter from $\{a, c, u, t, e\}$ and one from $\{o, t, u, s, e\}$. What is the probability she selects at least one vowel? (nearest whole percent)	84% ($1 - P(\text{no vowels}) = 1 - \frac{2}{5} \cdot \frac{2}{5} = \frac{21}{25} = 84\%$)
Mathematics	Statistics	Betty selects one letter from $\{a, c, u, t, e\}$ and one from $\{o, t, u, s, e\}$. Given that a vowel was chosen from the first set, what is the probability both selections are vowels? (nearest whole percent)	60% (conditional: $P(\text{vowel from 2nd set}) = \frac{3}{5} = 60\%$)
Mathematics	Algebra 1	$236_7 + 453_7 - 165_7 = $ _____ (express answer in base 7)	$524_7$ (convert to base 10: $125 + 234 - 96 = 263 = 524_7$)
Mathematics	Algebra 2	Let $P$ and $Q$ be the roots of $4x^2 + 17x = 15$. Find $(P + Q)(PQ)$.	$\dfrac{255}{16} = 15.9375$ (Vieta's formulas: $P+Q = -\tfrac{17}{4}$, $PQ = -\tfrac{15}{4}$)
Mathematics	Pre-Calc	$\begin{bmatrix}-1 & -2 \\ 1 & 3\end{bmatrix} \times \begin{bmatrix}2 & 1 \\ -3 & -4\end{bmatrix} = \begin{bmatrix}a & c \\ b & d\end{bmatrix}$. Find $a + b + c + d$.	$-7$ ($a=4,\ c=7,\ b=-7,\ d=-11$; sum $= 4+7-7-11=-7$)
Mathematics	Algebra 2	Let $f(x) = ax^2 + bx + 5$ where $a$ and $b$ are integers. If $f(1) = 2$ and $f(2) = 3$, find $f(3)$.	8 ($a=2,\ b=-5$; $f(3) = 18-15+5 = 8$)
Mathematics	Algebra 2	Given the Fibonacci-characteristic sequence: $a,\ {-3},\ b,\ {-1},\ c,\ 0,\ d,\ 1,\ \ldots$, find $a + b + c + d$.	9 ($a=5,\ b=2,\ c=1,\ d=1$)
Mathematics	Pre-Calc	Evaluate: $\displaystyle\prod_{n=2}^{6}\left[(-1)^{n-2} - n\right]$	$-360$ (terms: $-1,\ -4,\ -3,\ -6,\ -5$; product $= -360$)
Mathematics	Calculus	Given $f''(x) = 12x - 6$, $f'(0) = 4$, and $f(0) = -5$, find $f(1)$.	$-2$ ($f'(x) = 6x^2-6x+4$; $f(x) = 2x^3-3x^2+4x-5$; $f(1) = 2-3+4-5 = -2$)
Mathematics	Statistics	How many distinct 4-letter code words can be made from the letters in the word ALGEBRA?	480 (A appears twice; cases by number of A's used: 0→120, 1→240, 2→120)
Mathematics	Algebra 1	Find the sum of the first three Mersenne primes such that the sum is prime but not itself a Mersenne prime.	41 (first three Mersenne primes: 3, 7, 31; $3+7+31=41$, which is prime but not Mersenne)
Mathematics	Algebra 1	8,051 is the product of exactly two prime numbers. What is the sum of those two primes?	180 ($8051 = 83 \times 97$; $83 + 97 = 180$)
Mathematics	Algebra 1	Using the Sieve of Eratosthenes, how many primes less than 100 contain the digit 9?	6 (the primes are 19, 29, 59, 79, 89, and 97)
Mathematics	Algebra 2	Which of the following is NOT a function? I. $\{(2,6),(-3,6),(4,9),(2,10)\}$ II. $\{(1,3),(2,3),(3,3),(4,3)\}$ III. $\{(-2,2),(-1,1),(0,0),(1,1)\}$	I only ($x = 2$ maps to both 6 and 10, violating the definition of a function)
Mathematics	Statistics	Let $S = \{7, 11, 18\}$ with arithmetic mean $A$, geometric mean $G$, and harmonic mean $H$. Arrange $A$, $G$, and $H$ from least to greatest.	$H,\ G,\ A$ ($H \approx 10.37$, $G \approx 11.14$, $A = 12$; this is the AM-GM-HM inequality)
Mathematics	Statistics	Les Avridge's quiz grades: 75, 83, 66, 90, 83, 50, 65, 83. Find the average of the arithmetic mean, median, mode, and range of his grades. (nearest whole number)	69 (mean $\approx 74.4$; median $= 79$; mode $= 83$; range $= 40$; average $\approx 69$)
Mathematics	Algebra 2	$f(x) = 2x - 6$ for all reals. $g(x)$ defined for integers $-3 \leq x \leq 3$: $g(-3)=12,\ g(-2)=15,\ g(-1)=16,\ g(0)=15,\ g(1)=12,\ g(2)=7,\ g(3)=0$. Which is true of BOTH functions? (A) Same max domain value (B) Same y-intercept (C) Both odd functions (D) Share an x-intercept (E) None	D — both have an x-intercept at $x = 3$ ($f(3) = 0$ and $g(3) = 0$)
Mathematics	Calculus	Let $f(x) = |x - 5|$. How many of the following statements are always true? (a) $\lim_{x \to 5^+} f(x)$ exists; (b) $\lim_{x \to 5^-} f(x)$ exists; (c) $f(x)$ is continuous; (d) $f(x)$ is differentiable	3 — statements (a), (b), and (c) are true; (d) is false because $|x-5|$ has a corner (non-differentiable point) at $x = 5$
Mathematics	Algebra 1	Darius has a $250 gift card. He spends $128.00 on shoes, $24.95 on a shirt, $33.85 on shorts, and $6.95 on socks. The tax rate is 8.25%. How much is left on the gift card?	$40.27 (total purchases $193.75 × 1.0825 = $209.73; $250 − $209.73 = $40.27)
Mathematics	Algebra 1	Line $\overleftrightarrow{AB}$ passes through $A(8,6)$ and $B(-6,-10)$. If the point $(1, b)$ lies on $\overleftrightarrow{AB}$, then $b =$ _____.	$-2$ (slope $= \frac{-10-6}{-6-8} = \frac{8}{7}$; $b - 6 = \frac{8}{7}(1-8) = -8$; $b = -2$)
Mathematics	Algebra 1	A jar has 264 coins (nickels, dimes, quarters) worth $37.20 total. There are 20 more quarters than nickels. How many dimes are in the jar?	88 dimes (let $n$ = nickels, $q = n+20$, $d = 264-n-(n+20)$; solve $0.05n + 0.10d + 0.25q = 37.20$)
Mathematics	Algebra 1	Which value is NOT in the solution to $3 \leq x + 7 < 12$?	5 (solving gives $-4 \leq x < 5$; $x = 5$ is excluded)
Mathematics	Algebra 2	Samuel solves $x^2 + 10x - 6 = 0$ by completing the square. His second step is $x^2 + 10x + c = 6 + c$. What is the value of $c$?	25 $\left(c = \left(\dfrac{10}{2}\right)^2 = 25\right)$
Mathematics	Geometry	Four times the complement of $\angle A$ is $36°$ greater than the supplement of $\angle A$. Find $m\angle A$.	$48°$ ($4(90-A) = (180-A)+36 \Rightarrow 360-4A = 216-A \Rightarrow A = 48°$)
Mathematics	Geometry	A square pyramid has a base side of 14 cm and height of 10 cm. Find the volume. (nearest whole number)	$653 \text{ cm}^3$ $\left(V = \dfrac{1}{3}(14^2)(10) = \dfrac{1960}{3} \approx 653\right)$
Mathematics	Geometry	A square pyramid has a base side of 14 cm and height of 10 cm. Find the total surface area. (nearest whole number)	$538 \text{ cm}^2$ (slant height $= \sqrt{10^2+7^2} = \sqrt{149} \approx 12.21$; lateral area $= 4 \cdot \frac{1}{2}(14)(12.21) \approx 342$; total $= 196+342 \approx 538$)
Mathematics	Geometry	The volume of a cone is $768\pi \text{ cm}^3$ and the height is 12 cm. What is the diameter of the circular base? (nearest tenth)	$27.7 \text{ cm}$ $\left(r^2 = \dfrac{3V}{\pi h} = \dfrac{3(768\pi)}{12\pi} = 192;\ r \approx 13.86;\ d \approx 27.7\right)$
Mathematics	Geometry	The hypotenuse of an isosceles right triangle is 24.0416. Find the area. (nearest tenth)	$144.5$ (leg $= \dfrac{24.0416}{\sqrt{2}} \approx 17.0$; area $= \dfrac{1}{2}(17)^2 = 144.5$)
Mathematics	Algebra 1	Jen mows 3 large yards in 8 hours. Tom mows 5 large yards in 16 hours. Working together, how long does it take to mow 12 large yards? (nearest minute)	17 hr 27 min (combined rate $= \frac{3}{8}+\frac{5}{16} = \frac{11}{16}$ yards/hr; time $= \frac{12}{\frac{11}{16}} = \frac{192}{11} \approx 17.45$ hr)
Mathematics	Algebra 2	Find the number that is $\dfrac{5}{12}$ of the way from $-3\dfrac{1}{3}$ to $8\dfrac{1}{2}$.	$\dfrac{115}{72}$ (distance $= \frac{71}{6}$; $\frac{5}{12} \cdot \frac{71}{6} = \frac{355}{72}$; start $+ \frac{355}{72} = -\frac{240}{72}+\frac{355}{72} = \frac{115}{72}$)
Mathematics	Pre-Calc	If $f(x) = x^2$, then $\dfrac{f(x+h)-f(x)}{h} =$ _____.	$2x + h$ $\left(\dfrac{(x+h)^2 - x^2}{h} = \dfrac{2xh+h^2}{h} = 2x+h\right)$
Mathematics	Algebra 1	Dad's age is two more than three times Abe's age, and eight more than twice Connie's age. Connie is six years older than Abe. What is the sum of their three ages?	98 ($A=18$, $C=24$, Dad$=56$; sum $=98$)
Mathematics	Geometry	What is the total number of distinct diagonals that can be drawn from the vertices of a regular decagon?	35 $\left(\dfrac{n(n-3)}{2} = \dfrac{10 \cdot 7}{2} = 35\right)$
Mathematics	Pre-Calc	Find the domain of $f(x) = \dfrac{\sqrt{x^2-25}}{|x-6|}$. (A) $(-\infty,-5]\cup[5,\infty)$ (B) $(-\infty,-5)\cup(5,6)\cup(6,\infty)$ (C) $(-\infty,-5)\cup(5,\infty)$ (D) $(-\infty,\infty)$ (E) $(-\infty,-5]\cup[5,6)\cup(6,\infty)$	E) $(-\infty,-5]\cup[5,6)\cup(6,\infty)$ (numerator requires $x^2-25 \geq 0$; denominator requires $x \neq 6$)
Mathematics	Statistics	How many distinguishable permutations can be formed from the letters of MASSACHUSETTS?	64,864,800 (13 letters: M×1, A×2, S×4, C×1, H×1, U×1, E×1, T×2; $\dfrac{13!}{2!\cdot4!\cdot2!} = 64{,}864{,}800$)
Mathematics	Pre-Calc	$\sin(x)\tan\!\left(\dfrac{\pi}{2}-x\right) =$ _____	$\cos(x)$ ($\tan\!\left(\frac{\pi}{2}-x\right) = \cot(x) = \frac{\cos x}{\sin x}$; so $\sin(x) \cdot \frac{\cos x}{\sin x} = \cos x$)
Mathematics	Algebra 2	Consider a geometric sequence where the first term is $22\dfrac{1}{2}$ and the fifth term is $4\dfrac{4}{9}$. What is the seventh term?	$\dfrac{160}{81}$ ($r^4 = \frac{40/9}{45/2} = \frac{16}{81}$; $r^2 = \frac{4}{9}$; seventh term $= \frac{40}{9} \cdot \frac{4}{9} = \frac{160}{81}$)
Mathematics	Algebra 2	The pressure of an ideal gas varies directly with temperature and inversely with volume. Initial state: $P_1=2.0$ atm, $V_1=6.0$ L, $T_1=300$ K. Find the pressure when $V_2=2.0$ L and $T_2=500$ K. (nearest tenth)	10.0 atm $\left(P = k\dfrac{T}{V};\ k = \dfrac{2.0 \cdot 6.0}{300} = 0.04;\ P_2 = \dfrac{0.04 \cdot 500}{2.0} = 10.0\right)$
Mathematics	Algebra 2	A RAV4 Prime purchased for $55{,}200 on July 8, 2022 depreciated exponentially to $51{,}500 by July 8, 2025. What is its expected value on July 8, 2030? (nearest cent)	$45{,}876.20 $\left(k = \dfrac{\ln(51500/55200)}{3};\ V(8) = 55200 \cdot e^{8k} \approx \$45{,}876.20\right)$
Mathematics	Geometry	A baseball diamond is a square with 90 ft sides. The pitcher's mound is 60 ft 6 in from home plate along the home-to-second diagonal. How far is the pitcher's mound from first base? (nearest tenth)	63.7 ft (pitcher at $\left(\frac{60.5}{\sqrt{2}}, \frac{60.5}{\sqrt{2}}\right) \approx (42.78, 42.78)$; distance to first base $(90,0)$: $\sqrt{47.22^2+42.78^2} \approx 63.7$)
Mathematics	Algebra 2	Cash prizes were awarded for 20 places at a peach pie contest: 1st received $500, 2nd received $475, 3rd received $450, and so on. What was the total prize money awarded?	$5{,}250 (arithmetic series: $a_1=500$, $a_{20}=25$; $S_{20} = \frac{20}{2}(500+25) = 5250$)
Mathematics	Statistics	Six couples sit in a 12-seat row at a concert. Each couple must sit together. How many different seating arrangements are possible?	46,080 (6! arrangements of couple-units × $2^6$ within-couple arrangements $= 720 \times 64 = 46{,}080$)
Mathematics	Pre-Calc	The point $(-7, b)$ lies on the curve defined by the parametric equations $x = t-5$, $y = t^2$. Find $b$.	4 ($x=-7 \Rightarrow t-5=-7 \Rightarrow t=-2$; $y=(-2)^2=4$)
Mathematics	Pre-Calc	Convert the rectangular equation $2x - 3y - 5 = 0$ to polar form.	$r = \dfrac{5}{2\cos\theta - 3\sin\theta}$ (substitute $x=r\cos\theta$, $y=r\sin\theta$; solve for $r$)
Mathematics	Geometry	Find the perimeter of the triangle with vertices $(4,-5,6)$, $(3,-2,-1)$, and $(-5,7,-9)$. (nearest tenth)	43.4 ($d_1=\sqrt{59}\approx7.68$; $d_2=\sqrt{209}\approx14.46$; $d_3=\sqrt{450}\approx21.21$; sum $\approx43.4$)
Mathematics	Algebra 2	Three zeros of $f(x) = x^4 + bx^3 + cx^2 + dx + 12$ are $-2,\ 3,\ 1+\sqrt{3}$. Find $f(2)$.	8 (fourth zero is $1-\sqrt{3}$; $f(x) = (x+2)(x-3)(x^2-2x-2)$; $f(2)=(4)(-1)(-2)=8$)
Mathematics	Pre-Calc	Find the period of $f(x) = 3 - 2\cot\!\left(\dfrac{4\pi x}{3} + \dfrac{\pi}{6}\right)$.	$\dfrac{3}{4}$ (period of $\cot(Bx)$ is $\pi/B$; $B = \frac{4\pi}{3}$; period $= \frac{\pi}{4\pi/3} = \frac{3}{4}$)
Mathematics	Pre-Calc	The earth rotates once every 23 hr 56 min 3.72 sec. Find the linear speed of a person on the equator ($r = 3960$ miles). (nearest tenth)	1039.6 mph ($v = \dfrac{2\pi r}{T}$; $T \approx 23.9343$ hr; $v \approx \dfrac{2\pi(3960)}{23.9343} \approx 1039.6$ mph)
Mathematics	Pre-Calc	The graph of $r = 12\cos(8\theta)$ has _____ rose petals.	16 (when the coefficient of $\theta$ is even, the number of petals $= 2 \times 8 = 16$)
Mathematics	Algebra 2	On Jan 1 2020, Lily places $15{,}000$ in Account A at 7% compounded semiannually, and $14{,}500$ in Account B at 7.5% compounded monthly. Which is the earliest listed date that Account B exceeds Account A?	Sept 10, 2025 ($A(t)=15000(1.035)^{2t}$; $B(t)=14500(1.00625)^{12t}$; B overtakes A between July and September 2025)
Mathematics	Calculus	A 50-foot ladder leans against a building. The base is pulled away at 4 ft/sec. How fast is the top sliding down when the base is 14 feet from the wall? (ft/sec)	$\dfrac{7}{6}$ ft/sec ($x^2+y^2=2500$; $y=48$; $\dfrac{dy}{dt} = -\dfrac{x}{y}\cdot\dfrac{dx}{dt} = -\dfrac{14}{48}(4) = -\dfrac{7}{6}$)
Mathematics	Calculus	$f(x) = 3\sin(x) + 2\cos(2x)$. How many values of $x$ in the interval $(6,10)$ give a horizontal tangent?	3 ($f'(x) = \cos(x)(3-8\sin x) = 0$; solutions in $(6,10)$: $x \approx 7.85$ from $\cos x=0$, and $x \approx 6.67$, $x \approx 9.04$ from $\sin x = \frac{3}{8}$)
Mathematics	Calculus	Let $f(x)$ be the solution to $\dfrac{dy}{dx} = \dfrac{x}{2y}$ with $y(4) = 3$. Use Euler's method with 2 equal steps to approximate $y(5)$. (nearest ten-thousandth)	3.6708 ($h=0.5$; $y(4.5) \approx 3 + 0.5\cdot\frac{4}{6} = \frac{10}{3}$; $y(5) \approx \frac{10}{3} + 0.5 \cdot \frac{4.5}{2(10/3)} = \frac{10}{3}+\frac{27}{80} \approx 3.6708$)
Mathematics	Calculus	Let $f(x)$ be the exact solution to $\dfrac{dy}{dx} = \dfrac{x}{2y}$ with $y(4) = 3$. Find $y(5)$. (nearest thousandth)	3.6742 ($2y\,dy = x\,dx \Rightarrow y^2 = \frac{x^2}{2}+C$; $C=1$; $y(5)=\sqrt{\frac{25}{2}+1}=\sqrt{13.5}\approx3.6742$)
Mathematics	Calculus	$P(x)$ is the third-degree Maclaurin polynomial for $f(x) = e^x$. Find $f(0.5) - P(0.5)$. (nearest ten-thousandth)	0.0029 ($P(0.5)=1+0.5+0.125+0.02083=1.64583$; $e^{0.5}\approx1.64872$; difference $\approx0.0029$)
Mathematics	Calculus	The position of a particle is given by $x(t) = 3e^{4t}$ and $y(t) = \ln(t^3+3t-2)$. Find the velocity vector at $t=3$.	$\left\langle 12e^{12},\ \dfrac{15}{17}\right\rangle$ ($\dot{x}=12e^{4t}$; $\dot{y}=\frac{3t^2+3}{t^3+3t-2}$; at $t=3$: $\dot{y}=\frac{30}{34}=\frac{15}{17}$)
Mathematics	Calculus	$h''(x) = x^2(x-2)^3(x-8)^5$. Which of the values $\{0,\ 2,\ 8\}$ are points of inflection of $h(x)$?	2 and 8 only ($x=0$ has even multiplicity — $h''$ doesn't change sign; $x=2$ and $x=8$ have odd multiplicities — sign changes)
Mathematics	Statistics	Phoenix's bowling scores: 166, 172, 154, 205, 221, 198, 144, 172, 188. What is the positive difference between the mean and median?	8 (mean $= 1620/9 = 180$; sorted: 144,154,166,172,172,188,198,205,221; median $= 172$; $|180-172|=8$)
Mathematics	Statistics	Phoenix's bowling scores: 166, 172, 154, 205, 221, 198, 144, 172, 188. Find the interquartile range.	41.5 (sorted: 144,154,166,172,172,188,198,205,221; $Q_1=\frac{154+166}{2}=160$; $Q_3=\frac{198+205}{2}=201.5$; IQR $=41.5$)
Mathematics	Statistics	Alessandra flipped a fair coin 6 times and got heads all 6 times. What is the probability the 7th flip is tails? (nearest ten-thousandth)	0.5000 (coin flips are independent; prior results do not affect the next flip; $P(\text{tails}) = \frac{1}{2}$)
Mathematics	Statistics	Christopher's MS warm-up times vs HS competition scores show a strong negative linear relationship. His coach computed the LSRL. What is the correlation coefficient $r$?	$r = -0.9967$ (computed from data: times $\{12.25, 11.88, 11.36, 10.75, 10.33, 9.91\}$, scores $\{139, 148, 153, 164, 171, 178\}$)
Mathematics	Statistics	Using the LSRL for Christopher's data (MS time vs HS score), predict his score if his MS warm-up time is 9.66 minutes. (nearest whole number)	182 (LSRL: $\hat{y} \approx 337.9 - 16.17x$; at $x=9.66$: $\hat{y} \approx 182$)
Mathematics	Statistics	Find the residual for the data point $(11.88,\ 148)$ in Christopher's MS time vs HS score dataset. (nearest tenth)	2.1 (predicted $\hat{y} \approx 337.9 - 16.17(11.88) \approx 145.9$; residual $= 148 - 145.9 = 2.1$)
Mathematics	Statistics	A researcher tests $H_0: p = 0.62$ vs $H_a: p \neq 0.62$. In a SRS of 1200 Americans, 782 said the economy is their top concern. What is the test statistic? (nearest hundredth)	2.26 ($\hat{p} = \frac{782}{1200} \approx 0.6517$; $z = \frac{0.6517 - 0.62}{\sqrt{(0.62)(0.38)/1200}} \approx \frac{0.0317}{0.01401} \approx 2.26$)
Mathematics	Statistics	A researcher tests $H_0: p = 0.62$ vs $H_a: p \neq 0.62$ with $\alpha = 0.05$. The test statistic is $z \approx 2.26$. What was the researcher's conclusion?	Based on a p-value of 0.02, he rejected $H_0$. (two-tailed: $p\text{-value} = 2P(Z>2.26) \approx 0.024 < 0.05$)
Mathematics	Algebra 1	The kinetic energy formula is $K = \frac{1}{2}mv^2$. Find the mass of an object with $K = 184$ joules and $v = 18.8$ m/s. (nearest hundredth)	1.04 kg $\left(m = \dfrac{2K}{v^2} = \dfrac{2(184)}{18.8^2} = \dfrac{368}{353.44} \approx 1.04\right)$
Mathematics	Algebra 1	A line contains $A(3,8)$ and $B(-4,-6)$. The point $C(a, 14)$ also lies on the line. Find $a$.	6 (slope $= \frac{14}{7} = 2$; $14-8 = 2(a-3) \Rightarrow a = 6$)
Mathematics	Algebra 1	Three consecutive prime numbers sum to 143. Find the product of the three primes.	107,113 (the primes are 43, 47, 53; $43+47+53=143$; $43 \times 47 \times 53 = 107{,}113$)
Mathematics	Geometry	Two chords intersect inside a circle. The measure of minor arc $AB$ is 128° and minor arc $CD$ is 112°. Find $m\angle BEC$.	60° (intersecting chords angle $= \frac{1}{2}(\text{arc}_{BC}+\text{arc}_{AD})$; remaining arcs sum $= 360-128-112=120°$; $\angle BEC = \frac{120}{2} = 60°$)
Mathematics	Algebra 1	The Tubbs family orders a large pizza (3 toppings) and 4 cokes. The Wyatt family orders a large pizza (4 toppings), 5 cokes, and a salad. Large pizza: \$12.00; toppings: \$1.25 each; coke: \$2.25. Total after 8% tax was \$62.37. Find the cost of the salad.	\$4.75 (pre-tax total without salad $= \$24.75 + \$28.25 = \$53.00$; $(\$53+s)(1.08)=\$62.37 \Rightarrow s = \$4.75$)
Mathematics	Algebra 1	Alexis paints a classroom in 8 hr, Skylee in 9 hr, Arthur in 10 hr. Working together, how many hours to paint 40 classrooms? (nearest whole number)	119 hr (combined rate $= \frac{1}{8}+\frac{1}{9}+\frac{1}{10} = \frac{121}{360}$ rooms/hr; time $= 40 \div \frac{121}{360} \approx 119$)
Mathematics	Algebra 1	A student scored 86, 82, 89, and 95 on four tests. The final exam counts twice. What is the minimum final exam score needed for a 89.5 overall average?	93 $\left(\dfrac{352+2f}{6} \geq 89.5 \Rightarrow 2f \geq 185 \Rightarrow f \geq 92.5\right)$
Mathematics	Pre-Calc	A truck drives at 75 mph on a tire with radius 16 inches. What is the rotational speed of the tires? (nearest whole number, in rpm)	788 rpm (linear speed $= 75 \times 5280 \times 12 = 4{,}752{,}000$ in/hr; circumference $= 32\pi$ in; RPM $= \frac{4{,}752{,}000}{32\pi \times 60} \approx 788$)
Mathematics	Geometry	An equilateral triangle has a side length of 14. Find the circumference of a circle with the same area as the triangle. (nearest tenth)	32.7 (triangle area $= \frac{\sqrt{3}}{4}(196) = 49\sqrt{3}$; $\pi r^2 = 49\sqrt{3} \Rightarrow r \approx 5.197$; $C = 2\pi r \approx 32.7$)
Mathematics	Geometry	A circle has center $O$, chord $\overline{AB} = 24$, and area $= 530.929$. Find the measure of minor arc $AB$. (nearest tenth)	134.8° ($\pi r^2 = 530.929 \Rightarrow r = 13$; chord $= 2r\sin(\theta/2) \Rightarrow \sin(\theta/2) = \frac{12}{13} \Rightarrow \theta \approx 134.8°$)
Mathematics	Geometry	A circle has radius 13 and chord $\overline{AB} = 24$. Find the area bounded by minor arc $AB$ and chord $\overline{AB}$. (nearest tenth)	138.7 ($\theta \approx 2.352$ rad; sector area $= \frac{1}{2}(169)(2.352) \approx 198.7$; triangle area $= \frac{1}{2}r^2\sin\theta = \frac{1}{2}(169)\frac{120}{169} = 60$; segment $\approx 138.7$)
Mathematics	Geometry	$\triangle ABC \sim \triangle DEF$ with $AB = 10$, $AC = 8$, and $DE = 7$. Find $DF$. (nearest tenth)	5.6 (scale factor $= \frac{DE}{AB} = \frac{7}{10}$; $DF = 8 \times \frac{7}{10} = 5.6$)
Mathematics	Algebra 2	Find the sum of the Fibonacci-type series $12 + 9 + 21 + 30 + 51 + \cdots + 558 + 903$.	2355 (11 terms; Fibonacci-type sum property: $S_n = a_{n+2} - a_2$; $a_{12}=1461$, $a_{13}=2364$; $S_{11} = 2364 - 9 = 2355$)
Mathematics	Algebra 2	An arithmetic sequence has a 4th term of 33 and a 9th term of 73. Find the sum of the first 13 terms.	741 ($d = 8$, $a_1 = 9$; $S_{13} = \frac{13}{2}(2(9)+12(8)) = \frac{13}{2}(114) = 741$)
Mathematics	Algebra 2	Consider the geometric sequence $48,\ a,\ b,\ c,\ 23\frac{4}{27},\ d,\ \ldots$ with $a > 0$. Find $b$.	$33\frac{1}{3}$ ($a_5 = \frac{625}{27}$; $r^4 = \frac{625/27}{48} = \frac{625}{1296}$; $r = \frac{5}{6}$; $b = a_3 = 48 \cdot \left(\frac{5}{6}\right)^2 = \frac{100}{3}$)
Mathematics	Algebra 2	Using the geometric sequence $48,\ a,\ b,\ c,\ 23\frac{4}{27},\ d,\ \ldots$ with $r = \frac{5}{6}$, find the sum of the first 8 terms. (nearest whole number)	221 $\left(S_8 = 48 \cdot \dfrac{1-(5/6)^8}{1-5/6} = 288\left(1-\dfrac{5^8}{6^8}\right) \approx 221\right)$
Mathematics	Geometry	A right circular cone has a diameter of 12 and a slant height of 10. Find the volume. (nearest tenth)	$301.6$ ($r=6$; $h = \sqrt{10^2-6^2} = 8$; $V = \frac{1}{3}\pi(36)(8) = 96\pi \approx 301.6$)
Mathematics	Algebra 1	Madison drives 1964 miles in 4 days. She drove 485 mi at 59 mph, 611 mi at 67 mph, and 447 mi at 62 mph on the first three days. What average speed must she maintain on day 4 for an overall average of 63 mph? (nearest tenth)	63.5 mph (total time needed $= 1964/63 \approx 31.175$ hr; time used $\approx 24.549$ hr; day 4: $421 \div 6.626 \approx 63.5$ mph)
Mathematics	Statistics	Coach Perkins has 3 posts, 8 wings, and 4 guards. A starting lineup requires 1 post, 2 wings, and 2 guards. How many starting lineups are possible?	504 $\left(\binom{3}{1}\binom{8}{2}\binom{4}{2} = 3 \times 28 \times 6 = 504\right)$
Mathematics	Algebra 2	$f(x) = 17x^{3/2}$ and $h(x) = \sqrt[3]{x-22}$. Find $f(h(86))$. (nearest whole number)	136 ($h(86) = \sqrt[3]{64} = 4$; $f(4) = 17 \cdot 4^{3/2} = 17 \times 8 = 136$)
Mathematics	Algebra 2	Find the remainder when $x^4 - 3$ is divided by $x^2 - 1$.	$-2$ ($x^4-3 = (x^2-1)(x^2+1) - 2$; remainder $= -2$)
Mathematics	Pre-Calc	When $\mathbf{v} = -18\mathbf{i} + 5\mathbf{j}$ is converted to polar form, $|\mathbf{v}| \approx 18.7$. Which of these could be $\theta$? (A) $-254.5°$ (B) $-195.5°$ (C) $74.5°$ (D) $166.5°$ (E) $195.5°$	B) $-195.5°$ (standard angle $= 180° - \arctan\!\left(\frac{5}{18}\right) \approx 164.5°$; coterminal negative angle: $164.5° - 360° = -195.5°$)
Mathematics	Algebra 2	On Rihot's farm, the number of cows varies inversely as the number of pigs and directly as the square of the number of chickens. Initially: 400 cows, 20 chickens, 40 pigs. How many cows when there are 4 pigs and 16 chickens?	2560 ($C = k\dfrac{\text{chickens}^2}{\text{pigs}}$; $k = \frac{400 \times 40}{400} = 40$; $C = 40 \cdot \frac{256}{4} = 2560$)
Mathematics	Algebra 2	$f(x) = 6x-1$ and $h(x) = x^2+8$. Find $(h \circ f)(2)$.	129 ($f(2) = 11$; $h(11) = 121+8 = 129$)
Mathematics	Algebra 2	The roots of $12x^2 + bx + c = 0$ are $-\dfrac{1}{3}$ and $\dfrac{3}{4}$. Find $b + c$.	$-8$ (sum of roots $= \frac{5}{12} = -b/12 \Rightarrow b=-5$; product $= -\frac{1}{4} = c/12 \Rightarrow c=-3$; $b+c=-8$)
Mathematics	Statistics	Six math team members and their coach sit in a circle at a round table with 7 seats. How many seating arrangements are possible?	720 (circular permutations $= (7-1)! = 6! = 720$)
Mathematics	Geometry	Find the area of the circle defined by $x^2 + y^2 - 8x - 12y - 36 = 0$. (nearest hundredth)	276.46 (complete the square: $(x-4)^2+(y-6)^2=88$; area $= 88\pi \approx 276.46$)
Mathematics	Geometry	A regular octagon has a perimeter of 32. Find its area. (nearest whole number)	77 (side $= 4$; area of regular octagon $= 2(1+\sqrt{2})s^2 = 2(1+\sqrt{2})(16) = 32(1+\sqrt{2}) \approx 77$)
Mathematics	Pre-Calc	At 6:00 AM, a clock's hour and minute hands point in opposite directions. How long until the hands point in the same direction? (nearest tenth)	32.7 min (let $t$ = minutes after 6:00; minute hand at $6t°$, hour hand at $180+0.5t°$; $6t = 180+0.5t \Rightarrow t = \frac{180}{5.5} \approx 32.7$)
Mathematics	Statistics	Allison Engineering has 3 open positions. 12 A&M grads and 10 UT grads apply. The first position must be filled by an A&M grad. How many ways can the 3 positions be filled?	5040 (first position: 12 choices; remaining 2 from 21 people: $21 \times 20 = 420$; total $= 12 \times 420 = 5040$)
Mathematics	Pre-Calc	$y = -4x^2 + 6$ is parameterized with $x = -t+3$, giving $y = at^2 + bt + c$. Find $a + b + c$.	$-10$ (substitute $x=-t+3$: $y = -4(-t+3)^2+6 = -4t^2+24t-30$; $a+b+c = -4+24-30 = -10$)
Mathematics	Geometry	Find the area of the parallelogram with vertices $A(6,4,-2)$, $B(-4,4,-6)$, $C(-4,10,-8)$, $D(6,10,-4)$. (nearest tenth)	67.6 ($\overrightarrow{AB}=(-10,0,-4)$, $\overrightarrow{BC}=(0,6,-2)$; $|\overrightarrow{AB}\times\overrightarrow{BC}| = |(24,-20,-60)| = \sqrt{4576} \approx 67.6$)
Mathematics	Pre-Calc	Consider $f(x) = \dfrac{x^2+3x-28}{2x^2+9x-35}$. Which of the following are true? I. $f(x)$ is not continuous at $x=-7$ and $x=4$. II. Vertical asymptotes at $x=-7$ and $x=2.5$. III. Horizontal asymptote $y=0.5$.	III only. (factor: $\frac{(x+7)(x-4)}{(x+7)(2x-5)}$; $x=-7$ is a removable hole, not an asymptote; $x=4$ is continuous ($f(4)=0$); only $x=2.5$ is a vertical asymptote; leading coefficients give $y=\frac{1}{2}$)
Mathematics	Calculus	If $y = \sec(x)$, find $\dfrac{d^2y}{dx^2}$.	$\sec(x)\tan^2(x) + \sec^3(x)$ ($y' = \sec x\tan x$; $y'' = \sec x\tan^2 x + \sec^3 x$ by product rule)
Mathematics	Calculus	A 200-meter track runs around the outside of a rectangle with a semicircle on each end. To maximize the rectangular area, how long should the radius of each semicircle be? (nearest tenth)	15.9 m (rect area $= 2r(100-\pi r)$; maximize: $\frac{dA}{dr}=200-4\pi r=0 \Rightarrow r = \frac{50}{\pi} \approx 15.9$)
Mathematics	Calculus	Find the area of one petal of the rose curve $r = 6\cos(3\theta)$. (nearest tenth)	9.4 ($A = \frac{1}{2}\int_{-\pi/6}^{\pi/6}36\cos^2(3\theta)\,d\theta = 9\left[\theta+\frac{\sin 6\theta}{6}\right]_{-\pi/6}^{\pi/6} = 3\pi \approx 9.42$)
Mathematics	Calculus	Use the trapezoidal rule with 6 equal subintervals to approximate the area bounded by $y = \sqrt{x}+2$, $y=0$, $x=4$, $x=16$. (nearest hundredth)	61.29 ($h=2$; $y$-values at $x=4,6,8,10,12,14,16$: $3,\ 3.449,\ 3.828,\ 4.162,\ 4.464,\ 4.742,\ 6$; trap sum $= (2/2)(3+2(21.645)+6) = 61.29$)
Mathematics	Calculus	Find the exact area of the region bounded by $y = \sqrt{x}+2$, $y=0$, $x=4$, $x=16$.	$61\dfrac{1}{3}$ $\left(\int_4^{16}(\sqrt{x}+2)\,dx = \left[\frac{2}{3}x^{3/2}+2x\right]_4^{16} = \frac{184}{3} = 61\frac{1}{3}\right)$
Mathematics	Calculus	An object cools in a 55° room. At $t=0$ the object is 120°; at $t=15$ min it is 105°. When does it reach 90°? (Newton's Law of Cooling, nearest tenth)	35.4 min ($T(t)=55+65e^{kt}$; $k=\frac{\ln(10/13)}{15}$; solve $55+65e^{kt}=90 \Rightarrow t = \frac{15\ln(7/13)}{\ln(10/13)} \approx 35.4$)
Mathematics	Calculus	Naveed is evaluating $\int_0^1 \arcsin(x)\,dx$ using integration by parts. What is the best choice for $dv$?	$dx$ (let $u = \arcsin(x)$, $dv = dx$; then $du = \frac{1}{\sqrt{1-x^2}}dx$, $v = x$, which is integrable)
Mathematics	Calculus	Which test shows that $\displaystyle\sum_{n=1}^{\infty} \dfrac{n}{(n^2+1)^3}$ converges?	Integral Test (let $u=n^2+1$; $\int_1^\infty \frac{n}{(n^2+1)^3}\,dn$ converges; also comparable to $p$-series $1/n^5$)
Mathematics	Calculus	For $f(x) = \sin(x^2)$ with $x > 0$, where does the first local minimum occur? (nearest hundredth)	$x \approx 2.17$ ($f'(x) = 2x\cos(x^2) = 0 \Rightarrow x^2 = \frac{3\pi}{2}$; $x = \sqrt{\frac{3\pi}{2}} \approx 2.171$; second derivative test confirms minimum)
Mathematics	Calculus	Use the first three non-zero terms of the Maclaurin series for $f(x) = \sin(x^2)$ to approximate $f(0.25)$. (6 decimal places)	0.062459 ($\sin(x^2) \approx x^2 - \frac{x^6}{6} + \frac{x^{10}}{120}$; at $x=0.25$: $0.0625 - 0.0000407 + 0.000000008 \approx 0.062459$)
Mathematics	Statistics	Steve Strutz's home run totals: 22, 36, 44, 46, 52, 56, 50, 74, 48, 46. What is the mode?	46 homeruns (appears twice: in 1984 and 1989)
Mathematics	Statistics	Steve Strutz's home run totals: 22, 36, 44, 46, 52, 56, 50, 74, 48, 46. Find the mean. (nearest tenth)	47.4 ($\frac{22+36+44+46+52+56+50+74+48+46}{10} = \frac{474}{10} = 47.4$)
Mathematics	Statistics	Steve Strutz's home run totals: 22, 36, 44, 46, 52, 56, 50, 74, 48, 46. Which values are outliers?	22 and 74 only (sorted: $Q_1=44$, $Q_3=52$, IQR$=8$; fences: $[44-12, 52+12]=[32,64]$; 22 $<$ 32 and 74 $>$ 64)
Mathematics	Statistics	$P(\text{Obese})=0.28$, $P(\text{Obese} \cap \text{HD})=0.16$, $P(\text{Not Obese} \cap \text{No HD})=0.65$. If two males are selected at random, what is the probability at least one has heart disease? (nearest thousandth)	0.407 ($P(\text{HD})=0.16+0.07=0.23$; $P(\text{at least one HD})=1-0.77^2=1-0.5929\approx0.407$)
Mathematics	Statistics	School A (experimental curriculum) has a mean Math ACT of 23 with SD 4. School B (standard) has mean 19 with SD 3. One student is selected from each. Find the expected value of the difference in their scores.	4 ($E[A-B] = \mu_A - \mu_B = 23-19 = 4$)
Mathematics	Statistics	School A has mean Math ACT 23 with SD 4. School B has mean 19 with SD 3. One student is randomly selected from each school. Find the standard deviation of the difference in their scores.	5 ($\sigma_{A-B} = \sqrt{\sigma_A^2+\sigma_B^2} = \sqrt{16+9} = \sqrt{25} = 5$)
Mathematics	Algebra 1	The Whataburger in Wichita Falls charges $7.85 per combo meal plus 8.25% tax. A group of 5 spent $50 total. Apple pies cost $1.25 each plus 8.25% tax. How many apple pies could they order with the remaining money?	5 apple pies (5 combos = $42.49 after tax; $7.51 left; each pie = $1.353 after tax; $7.51÷$1.353 = 5)
Mathematics	Algebra 1	Student tickets cost $15.00 and adult tickets cost $25.00. A concert raised $7,700 from 372 tickets. How many adult tickets were sold?	212 adult tickets ($15s + $25a = $7700 and $s+a=372$; solving gives $a=212$)
Mathematics	Algebra 1	Line $L_1$ passes through $(-8,6)$ and $(4,-10)$. Line $L_2$ is parallel to $L_1$ and passes through $(-6,-12)$. Find the $y$-intercept of $L_2$.	$b = -20$ (slope of $L_1 = -\frac{4}{3}$; $y+12 = -\frac{4}{3}(x+6)$; at $x=0$: $y=-20$)
Mathematics	Algebra 1	Tal rented a car with a $20 upfront fee, $25/day, and $0.55/mile. He drove for 5 days and paid $241.25 total. How many miles did he drive?	175 miles ($20 + 125 + 0.55m = 241.25 \Rightarrow m=175$)
Mathematics	Algebra 1	Anthony washes and waxes a car in 45 min; Jacob does it in 60 min. Anthony works alone for 2 hours, then Jacob joins. How long does it take to complete 16 cars total? (nearest minute)	7 hr 43 min (Anthony finishes $8/3$ cars alone; rate together $= 7/180$ cars/min; remaining $40/3$ cars take $\approx 343$ min)
Mathematics	Algebra 2	Warith's house is worth $378,000 on Jan 1, 2023, and appreciates 9.35% per year. What should it be worth on Jan 1, 2035? (nearest dollar)	$\$1,104,516$ ($378000 \times 1.0935^{12} \approx \$1{,}104{,}516$)
Mathematics	Algebra 2	$f(x) = 7x^2 + 14x - 105$ has roots $a$ and $b$. Find $\dfrac{a+b}{ab}$.	$0.1\overline{3}$ (Vieta's: $a+b=-2$, $ab=-15$; $\frac{-2}{-15} = \frac{2}{15} = 0.1\overline{3}$)
Mathematics	Algebra 2	In the Whataburger problem, how many 2-liter Cokes are expected to sell at $1.20/bottle if 3,448 were sold at $1.80/bottle (inverse variation)?	5,172 cokes ($k = 1.80 \times 3448 = 6206.4$; $Q = 6206.4/1.20 = 5172$)
Mathematics	Geometry	Circle with center O, diameter GH=18, minor arc GJ=110°. Find the area of sector JOH. (nearest tenth)	49.5 ($\angle JOH = 70°$; area $= \frac{70}{360}\pi(9)^2 = \frac{70\pi \times 81}{360} \approx 49.5$)
Mathematics	Geometry	Circle with center O, diameter GH=18, minor arc GJ=110°. Find the perimeter of triangle GOJ. (nearest tenth)	32.7 ($r=9$; $GJ = \sqrt{81+81-162\cos110°} \approx 14.74$; perimeter $= 9+9+14.74 = 32.7$)
Mathematics	Geometry	A regular hexagon is inscribed in a circle of area 452. Find the perimeter of the hexagon. (nearest whole number)	72 ($r = \sqrt{452/\pi} \approx 12$; side of inscribed hexagon $= r = 12$; perimeter $= 72$)
Mathematics	Geometry	A three-quarter circle has an area of 530. Find its perimeter. (nearest whole number)	101 (full circle area $= 706.67$; $r \approx 15.0$; perimeter $= \frac{3}{4}(2\pi r)+2r \approx 100.7 \approx 101$)
Mathematics	Geometry	A right circular cone has radius 7.75 and total surface area 462. Find its volume. (nearest whole number)	511 ($\pi r(r+l)=462 \Rightarrow l \approx 11.225$; $h \approx 8.12$; $V = \frac{1}{3}\pi(60.06)(8.12) \approx 511$)
Mathematics	Geometry	A circle's equation is $x^2 + y^2 + ax + 8y - 39 = 0$, the center is in Quadrant IV, and the circumference is $16\pi$. Find $a$.	$a = -6$ ($r=8$; completing the square gives $(x+a/2)^2+(y+4)^2=64$; need $r^2=64 \Rightarrow (a/2)^2=9$; center in Q4 requires $a=-6$)
Mathematics	Geometry	Right triangle ABC, $m\angle C = 90°$, D on $\overline{AB}$ with $\overline{CD} \perp \overline{AB}$, $AC=6$, $AB=10$. Find the area of $\triangle ACD$. (nearest hundredth)	8.64 ($BC=8$; $AD=3.6$, $CD=4.8$; area $= \frac{1}{2}(3.6)(4.8) = 8.64$)
Mathematics	Algebra 2	$f(x) = 2x^3 + bx^2 + 4x - 8$. If $f(3) = 31$, find $b$.	$b = -3$ ($54+9b+12-8=31 \Rightarrow 9b=-27 \Rightarrow b=-3$)
Mathematics	Algebra 2	Four consecutive even negative integers in increasing order: the product of the first and third is 122 more than the product of $-25$ and the fourth. Find the sum of the four integers.	$-100$ (integers: $-28,-26,-24,-22$; $(-28)(-24)=672$, $(-25)(-22)+122=672$ ✓; sum $=-100$)
Mathematics	Algebra 1	How many even four-digit counting numbers are less than 7000?	3,000 (even numbers from 1000 to 6998: $\frac{6998-1000}{2}+1 = 3000$)
Mathematics	Algebra 2	The distance from $(e,-12)$ to the line $y = \frac{3}{5}x + 6$ is $\dfrac{66}{\sqrt{34}}$. Find $e$.	$e = -8$ (line: $3x-5y+30=0$; $\frac{|3e+60+30|}{\sqrt{34}}=\frac{66}{\sqrt{34}} \Rightarrow |3e+90|=66 \Rightarrow e=-8$)
Mathematics	Pre-Calc	The conic $9x^2 - 4y^2 - 36x - 24y - 36 = 0$ has foci at $(a,b)$ and $(c,b)$. Find $a+b+c$.	1.0 (hyperbola: $\frac{(x-2)^2}{4}-\frac{(y+3)^2}{9}=1$; $c=\sqrt{13}$; foci at $(2\pm\sqrt{13},-3)$; $a+b+c=(2-\sqrt{13})+(-3)+(2+\sqrt{13})=1$)
Mathematics	Pre-Calc	Two cables are attached to a vertical tower from a ground point. The angle between the cables is 20°. The longer cable (270 ft) reaches the top; the shorter is attached 105 ft below the top. Find the length of the shorter cable. (nearest whole number)	204 ft (law of cosines: $105^2=270^2+r^2-2(270)(r)\cos20°$; solving gives $r \approx 203.6 \approx 204$)
Mathematics	Algebra 2	An arithmetic sequence has 6th term 47 and 12th term 95. Find the product of the 18th and 19th terms.	21,593 ($d=8$, $a_1=7$; $a_{18}=143$, $a_{19}=151$; $143 \times 151 = 21{,}593$)
Mathematics	Algebra 2	$f(x) = \dfrac{3x-4}{5x-6}$ and $h(x) = \dfrac{-2x+5}{-3x-8}$. Find $(h^{-1} \circ f^{-1})(1)$.	$-13$ ($f^{-1}(1)=1$ (solve $f(x)=1$); $h^{-1}(1)=-13$ (solve $h(x)=1$))
Mathematics	Algebra 2	Three of the roots of $x^4 + bx^3 + cx^2 + dx + e$ are $-2$, $3$, and $1-\sqrt{5}$. The coefficients are rational. Find $b+c+d+e$.	29 (fourth root: $1+\sqrt{5}$; polynomial $=(x+2)(x-3)(x^2-2x-4)=x^4-3x^3-8x^2+16x+24$; $b+c+d+e=-3-8+16+24=29$)
Mathematics	Pre-Calc	Andrew's trumpet produces 88 dB. Twelve other trumpeters join him at the same intensity. What is the combined sound level? (nearest whole number)	99 dB ($\beta = 10\log(13I/10^{-12}) = 88 + 10\log 13 \approx 99$ dB)
Mathematics	Pre-Calc	Temperature in Idaho Falls varies sinusoidally: low 12°F at 5 AM, high 29°F at 5 PM. Find the expected temperature at midnight. (nearest tenth)	18.3°F ($T(t)=20.5-8.5\cos\!\left(\frac{2\pi(t-5)}{24}\right)$; $T(0) = 20.5-8.5\cos(75°) \approx 18.3°$)
Mathematics	Pre-Calc	Angle A is in Q2 with $\sin A = \frac{3}{5}$. Angle B is in Q3 with $\cos B = -\frac{5}{13}$. Find $\tan(A+B)$. (nearest hundredth)	0.59 ($\tan A = -\frac{3}{4}$, $\tan B = \frac{12}{5}$; $\tan(A+B) = \frac{-3/4+12/5}{1-(-3/4)(12/5)} = \frac{33/20}{56/20} = \frac{33}{56} \approx 0.59$)
Mathematics	Pre-Calc	$\dfrac{x+8}{x^2+x-6} = \dfrac{A}{x-2} + \dfrac{B}{x+3}$. Find $A + B$.	1 ($A=2$ (from $x=2$), $B=-1$ (from $x=-3$); $A+B=1$)
Mathematics	Pre-Calc	Find the angle between $\mathbf{u} = \langle 4, -6 \rangle$ and $\mathbf{v} = \langle 12, 8 \rangle$. (nearest hundredth, in radians)	1.57 rad ($\mathbf{u} \cdot \mathbf{v} = 48-48=0$; vectors are perpendicular; $\theta = \pi/2 \approx 1.57$)
Mathematics	Algebra 2	The sequence $1,\ 5,\ 12.5,\ 20\frac{5}{6},\ 26\frac{1}{24},\ \ldots$ has general term $a_n = \dfrac{5^{n-1}}{(n-1)!}$ (0-indexed). Find the 8th term. (nearest hundredth)	15.50 ($a_7 = \frac{5^7}{7!} = \frac{78125}{5040} \approx 15.50$)
Mathematics	Algebra 2	A ball is dropped from 6 feet. Each bounce reaches $\frac{3}{4}$ of the previous height. Which bounce is the first with height less than 1 foot?	7th bounce ($6 \times (3/4)^n < 1 \Rightarrow n > \frac{\ln(1/6)}{\ln(3/4)} \approx 6.23$; first whole number is $n=7$)
Mathematics	Statistics	18 study problems; 10 appear on the exam. Emmy can correctly solve 16. Find the probability she correctly solves all 10. (nearest thousandth)	0.183 $\left(\dfrac{\binom{16}{10}}{\binom{18}{10}} = \dfrac{8008}{43758} \approx 0.183\right)$
Mathematics	Pre-Calc	An ellipse has vertices $(0,4)$ and $(10,4)$, and endpoints of the minor axis $(5,2)$ and $(5,6)$. Find the eccentricity. (nearest hundredth)	0.92 (center $(5,4)$; $a=5$, $b=2$; $c=\sqrt{21}$; $e=\sqrt{21}/5 \approx 0.92$)
Mathematics	Geometry	Find the area of triangle $A(6,4,2)$, $B(8,6,10)$, $C(6,2,8)$. (nearest tenth)	15.4 ($\overrightarrow{AB}\times\overrightarrow{AC} = \langle 28,-12,-4\rangle$; $|\overrightarrow{AB}\times\overrightarrow{AC}|=\sqrt{944}\approx30.72$; area $\approx 15.4$)
Mathematics	Calculus	Find the sum of the series $2 - \dfrac{4}{3} + \dfrac{4}{15} - \dfrac{8}{315} + \cdots$	$\sin(2)$ (this is the Maclaurin series for $\sin(2)$: $2-\frac{2^3}{3!}+\frac{2^5}{5!}-\cdots$)
Mathematics	Calculus	Use the Left Rectangle Approximation Method with 6 equal subintervals to approximate the area bounded by $y = \dfrac{12}{x}+6$, $y=0$, $x=2$, $x=8$. (nearest hundredth)	55.11 (left endpoints $x=2,3,4,5,6,7$; $f$-values: $12,10,9,8.4,8,7.714$; LRAM $=1\times55.114\approx55.11$)
Mathematics	Calculus	Find the volume of the solid generated when the region bounded by $y=\frac{12}{x}+6$, $y=0$, $x=2$, $x=8$ is revolved around $x=12$. (nearest whole number)	2385 (shell method: $2\pi\int_2^8(12-x)\!\left(\frac{12}{x}+6\right)dx = 2\pi(144\ln4+180) \approx 2385$)
Mathematics	Calculus	Coffee is served at 175° in a 72° room. The temperature changes at $r(t) = -5.89e^{-0.0766t}$ °/min. What is the temperature after 5 minutes? (nearest whole number)	151° ($T(5)=175+\int_0^5 -5.89e^{-0.0766t}dt = 175-(76.89)(1-e^{-0.383})\approx151°$)
Mathematics	Calculus	$f'(x) = 2x^3 - 6\sin(x^2) + 2$. On the interval $(-2, 2)$, which of I ($x\approx-0.535$), II ($x\approx0.669$), III ($x\approx1.260$) are relative minima of $f$?	I and III only (where $f'$ changes from negative to positive)
Mathematics	Calculus	A particle moves in the $xy$-plane with $\frac{dx}{dt} = 4t\sin t$ and $\frac{dy}{dt} = 4t\cos t$. Find the speed at $t = \frac{\pi}{6}$. (nearest hundredth)	2.09 cm/s (speed $= \sqrt{(4t\sin t)^2+(4t\cos t)^2} = 4t = 4\cdot\frac{\pi}{6} = \frac{2\pi}{3} \approx 2.094$)
Mathematics	Calculus	Same particle as above, starting at $(4,8)$. Find the $y$-coordinate of the position at $t=\frac{\pi}{3}$. (nearest hundredth)	9.63 cm ($y = 8+\int_0^{\pi/3}4t\cos t\,dt = 8+[4t\sin t+4\cos t]_0^{\pi/3} \approx 9.63$)
Mathematics	Calculus	Consider the first quadrant region bounded by the $y$-axis, $x=4$, $y=10$, and $y=2\ln(5-x)$. This region is the base of a solid with square cross sections perpendicular to the $x$-axis. Find the volume. (nearest whole number)	258 ($V = \int_0^4[10-2\ln(5-x)]^2\,dx \approx 258$)
Mathematics	Statistics	Triple jump world records (years 1911–1995) are fit with an LSRL. The model overestimates the 1951 distance by ___. (nearest hundredth of a foot)	1.71 ft (LSRL overestimates 52 ft 6.25 in by ≈1.71 ft)
Mathematics	Statistics	Using the LSRL for the triple jump world record data, predict the world record in 2022. (nearest inch)	62 ft 6 in (LSRL extrapolation from 1911–1995 data)
Mathematics	Statistics	NFL punter hang times: mean 4.40 sec, SD 0.25. Jordan Stout's mean was 4.82 sec. What percentile did that place him at?	95th percentile ($z = (4.82-4.40)/0.25 = 1.68$; $P(Z<1.68) \approx 0.9535$)
Mathematics	Statistics	$X$ is normally distributed with mean 75 and SD 16. Find the approximate interquartile range. (nearest tenth)	21.6 ($Q_1 \approx 75-10.79=64.21$, $Q_3 \approx 85.79$; IQR $= 21.58 \approx 21.6$)
Mathematics	Statistics	A 96% confidence interval for a proportion will be constructed using a sample of 500 Texas high school students. What is the maximum margin of error? (nearest thousandth)	0.046 ($z^* \approx 2.054$; max MOE $= 2.054\sqrt{0.25/500} \approx 0.046$)
Mathematics	Statistics	A random sample of 360 seniors chose among Texas, A&M, Tech, TCU in ratio 3:3:4:2. Observed: 96, 82, 112, 70. A chi-square test gave a p-value of ___; researchers found insufficient evidence of a difference. (nearest thousandth)	0.346 ($\chi^2 = 0.4+0.711+0.533+1.667 = 3.311$; $df=3$; $p \approx 0.346$)
Mathematics	Statistics	95% of steroid-using Olympic athletes test positive on a new test; 98% of non-users test negative. If 10% of athletes use steroids, what percent will test positive? (nearest tenth)	11.3% ($P(+)=0.10(0.95)+0.90(0.02)=0.095+0.018=0.113$)
Mathematics	Statistics	16 of 88 randomly selected seniors and 21 of 72 juniors plan to study CS. Find the standard error of the difference between the two sample proportions. (nearest ten-thousandth)	0.0675 ($SE = \sqrt{\frac{\hat{p}_1(1-\hat{p}_1)}{88}+\frac{\hat{p}_2(1-\hat{p}_2)}{72}} = \sqrt{0.001690+0.002869} \approx 0.0675$)
Mathematics	Algebra 1	Points $A(-4,8)$, $B(8,2)$, $C(2,-2)$, $D(6,6)$. Line $\overleftrightarrow{AB}$ intersects $\overleftrightarrow{CD}$ at point $P(a,b)$. Find $a+b$. (nearest tenth)	8.4 ($\overleftrightarrow{AB}$: $y=-\frac{x}{2}+6$; $\overleftrightarrow{CD}$: $y=2x-6$; intersection at $(4.8,3.6)$; $4.8+3.6=8.4$)
Mathematics	Algebra 1	Points $A(-4,8)$ and $B(8,2)$. Point $E(r,3)$ lies on the perpendicular bisector of $\overline{AB}$. Find $r$. (nearest tenth)	1.0 (midpoint of $AB = (2,5)$; perpendicular slope $= 2$; line $y=2x+1$; at $y=3$: $x=1.0$)
Mathematics	Pre-Calc	$h(x) = \dfrac{\sqrt{x}}{\sqrt{16-x^2}}$. Find the domain of $h(x)$.	$[0,4)$ ($x \geq 0$ for numerator; $16-x^2>0 \Rightarrow x<4$; combined: $[0,4)$)
Mathematics	Pre-Calc	$h(x) = \dfrac{\sqrt{x}}{\sqrt{16-x^2}}$. Find the range of $h(x)$.	$[0,\infty)$ (at $x=0$: $h=0$; as $x\to4^-$: $h\to\infty$)
Mathematics	Algebra 1	Mary trimmed a square picture: 10 inches from the length and 6 from the width. The trimmed area is 780 sq in. What was the perimeter of the original square? (nearest inch)	144 in ($(s-10)(s-6)=780 \Rightarrow s=36$; perimeter $=4\times36=144$)
Mathematics	Algebra 2	The number of cougars in a protected area varies directly as acres and inversely as (grizzly bears)². With 600 acres, 88 cougars, and 12 bears: how many cougars if there are 964 acres and 22 bears?	42 ($k = 88\times144/600 = 21.12$; cougars $= 21.12\times964/484 \approx 42$)
Mathematics	Geometry	Circle $O$: chord $\overline{AC} \perp$ diameter $\overline{BD}$, $BD=20$, $AC=16$. Find $BE$.  (nearest tenth)	4.0 ($OA=r=10$; $AE=8$; $OE=\sqrt{100-64}=6$; $BE=10-6=4.0$)
Mathematics	Geometry	Circle $O$: chord $\overline{AC} \perp$ diameter $\overline{BD}$, $BD=20$, $AC=16$, $BE=4$. Find the area of sector $AOD$. (nearest tenth)	110.7 ($E$ at $(6,0)$, $A=(6,-8)$, $D=(-10,0)$; $\cos(\angle AOD)=-0.6$; $\angle AOD \approx 126.87°$; area $\approx 110.7$)
Mathematics	Geometry	$\triangle ABC \sim \triangle DEF$. $AB=24$, $BC=18$, $AC=20$, $EF=15$. Find the perimeter of $\triangle DEF$. (nearest tenth)	51.7 (scale factor $= 15/18 = 5/6$; perimeter $= 62 \times 5/6 \approx 51.7$)
Mathematics	Geometry	$\triangle KLM$ has vertices $K(-8,-3)$, $L(2,7)$, $M(5,-6)$. Classify the triangle.	Isosceles ($KL=10\sqrt{2}$; $KM=LM=\sqrt{178}$; two sides equal)
Mathematics	Geometry	Regular pentagon with perimeter 23. Find the area of the inscribed circle. (nearest tenth)	31.5 (side $=4.6$; apothem $=2.3\cot(36°)\approx3.166$; area $=\pi(3.166)^2\approx31.5$)
Mathematics	Algebra 2	$f(x) = \dfrac{8-3x}{9-2x}$. If $g(x)$ is the inverse of $f(x)$, find $g(7)$. (nearest tenth)	5.0 (solve $f(x)=7$: $8-3x=63-14x \Rightarrow x=5$)
Mathematics	Pre-Calc	Erica left Muenster at 12:00 PM cycling 22 mph on bearing 15°. At 1:30 PM, Halle left cycling 25 mph on bearing 215°. How far apart are they at 4:30 PM? (nearest whole number)	171 mi (Erica travels 99 mi; Halle 75 mi; use coordinates and distance formula $\approx 171.4$ mi)
Mathematics	Pre-Calc	The circle $x^2+y^2=25$ and external point $A(10,0)$. Find the length of the tangent from $A$ to the circle. (nearest hundredth)	8.66 ($\sqrt{OA^2-r^2} = \sqrt{100-25} = \sqrt{75} = 5\sqrt{3} \approx 8.66$)
Mathematics	Pre-Calc	Ellipse: $4x^2+3y^2-40x-30y+127=0$. The foci are $(a,b)$ and $(a,c)$. Find $b+c$. (nearest tenth)	10.0 (standard form: $\frac{(x-5)^2}{12}+\frac{(y-5)^2}{16}=1$; $c=2$; foci at $(5,7)$ and $(5,3)$; $b+c=7+3=10.0$)
Mathematics	Pre-Calc	Hyperbola centered at origin, vertex at $(0,-2)$, asymptote $y=x$. The foci are $(a,b)$ and $(a,c)$. Find $|b-c|$. (nearest tenth)	5.7 ($\frac{y^2}{4}-\frac{x^2}{4}=1$; $c=2\sqrt{2}$; foci $(0,\pm2\sqrt{2})$; $|b-c|=4\sqrt{2}\approx5.66\approx5.7$)
Mathematics	Pre-Calc	Which of the following is one of the four fourth roots of $-8-8\sqrt{3}i$? (A) $1+\sqrt{3}i$ (B) $-\sqrt{3}+i$ (C) $-1-\sqrt{3}i$ (D) $-1+\sqrt{3}i$ (E) $\sqrt{3}-i$	C) $-1-\sqrt{3}i$ ($r=16$, $\theta=4\pi/3$; fourth roots have $r^{1/4}=2$; angles $\pi/3,5\pi/6,4\pi/3,11\pi/6$; at $4\pi/3$: $2(-1/2-i\sqrt{3}/2)=-1-\sqrt{3}i$)
Mathematics	Statistics	830 seniors: 200 in BC Calc, 196 in AB Calc, 192 in Stats. 44 in all three. 80 only BC, 94 only AB, 66 only Stats. How many are in none of these courses?	438 ($|A\cup B\cup C| = 200+196+192-70-94-76+44=392$; $830-392=438$)
Mathematics	Pre-Calc	Projectile: $v_0=110$ ft/s, $\theta=36°$, $y_0=120$ ft. How far horizontally does it travel before hitting the ground? (nearest whole number)	481 ft ($y(t)=0$: $t\approx5.40$ s; $x=110\cos36°\times5.40\approx481$ ft)
Mathematics	Geometry	Find the distance from $(6,2,10)$ to the plane $3x+3y+z=12$. (nearest hundredth)	5.05 ($d=\frac{|18+6+10-12|}{\sqrt{19}}=\frac{22}{\sqrt{19}}\approx5.05$)
Mathematics	Geometry	Rick's pentagonal pool has sides of 20 ft each and depth 4 ft. A pipe fills it at 40 gal/min. How long to fill it? (nearest tenth)	8.6 hr (pentagon area $\approx 688.2$ ft²; volume $\approx 2752.8$ ft³ $\approx 20594$ gal; time $\approx 514.85$ min $\approx 8.6$ hr)
Mathematics	Algebra 2	Sequence: $3, 7, 12, 18, 25, 33, \ldots$ (differences: $4,5,6,7,8,\ldots$). Find the sum of the first 20 terms.	1,960 ($a_n = n(n+5)/2$; $S_{20} = \frac{1}{2}\left[\frac{20(21)(41)}{6}+5\cdot\frac{20(21)}{2}\right] = \frac{3920}{2} = 1960$)
Mathematics	Geometry	Circle $P$ (radius 6) is externally tangent to circle $O$ (radius 9). From $P$, tangents $PA$ and $PB$ are drawn to circle $O$. Find the area inside kite $PAOB$ but outside both circles. (nearest tenth)	9.7 ($PA=12$; kite area $=108$; sector $O\approx75.0$; sector $P\approx23.2$; area $=108-75.0-23.2\approx9.7$)
Mathematics	Calculus	$f(x) = -2(x+1)^2+10$ on $[-12,-2]$. Find the value $c$ satisfying the Mean Value Theorem. (nearest hundredth)	$-7.00$ ($f'(x)=-4(x+1)$; MVT rate $=\frac{f(-2)-f(-12)}{10}=24$; $-4(c+1)=24 \Rightarrow c=-7$)
Mathematics	Calculus	Using the table of values for differentiable $f$ and $g$: $h(x) = f(g(x))$. Find $h'(1)$. (Table: $g(1)=3$, $g'(1)=-4$, $f'(3)=2.5$)	$-10$ ($h'(1) = f'(g(1))\cdot g'(1) = f'(3)\cdot(-4) = 2.5\times(-4) = -10$)
Mathematics	Calculus	$x(t)=5t^{1.5}+4$, $y(t)=3t^2-2$. The arc length from $t=1$ to $t=3$ is given by which integral? (A) $\int_1^3\!\sqrt{1+\frac{144t}{225}}\,dt$ (B) $\int_1^3\!\sqrt{(5t^{1.5}+4)^2+(3t^2-2)^2}\,dt$ (C) $\int_1^3\!\sqrt{\frac{225t^2}{4}+36t^2}\,dt$ (D) $\int_1^3\!\sqrt{\frac{225t}{4}+36t^2}\,dt$ (E) $\int_1^3\!\sqrt{1+\frac{144t^2}{225}}\,dt$	D) $\displaystyle\int_1^3\!\sqrt{\frac{225t}{4}+36t^2}\,dt$ ($\dot{x}=7.5\sqrt{t}$, $\dot{y}=6t$; $\dot{x}^2+\dot{y}^2=56.25t+36t^2=\frac{225t}{4}+36t^2$)
Mathematics	Calculus	The curve $3x^2 - y^3 = 2$ at $x=1$. Find the $y$-intercept of the tangent line at that point. (nearest tenth)	$-1.0$ (at $x=1$: $y=1$; implicit diff: $y'=2x/y^2=2$; tangent $y-1=2(x-1)$; at $x=0$: $y=-1.0$)
Mathematics	Calculus	$3x^2+2y^2-6xy=99$. At $t=2$: $x=3$, $y<0$, $\frac{dx}{dt}=6$. Find $\frac{dy}{dt}$. (nearest tenth)	7.2 (at $(3,-3)$: $(6x-6y)\dot{x}+(4y-6x)\dot{y}=0 \Rightarrow 36(6)+(-30)\dot{y}=0 \Rightarrow \dot{y}=7.2$)
Mathematics	Calculus	The table shows temperatures at 4-hr intervals on Jan 4. Approximate $T'(8)$ using a centered difference. (nearest hundredth) $T(4)=10°$, $T(8)=20°$, $T(12)=24°$	1.75 °/hr ($T'(8) \approx \frac{T(12)-T(4)}{12-4} = \frac{14}{8} = 1.75$)
Mathematics	Calculus	Temperature table with 4-hour intervals: $T=2°,10°,20°,24°,18°,7°,2°$ at $t=0,4,8,12,16,20,24$. Use the trapezoidal rule to estimate the average temperature over 24 hours. (nearest tenth)	13.5° (trap area $= 2[2+2(10)+2(20)+2(24)+2(18)+2(7)+2]=324$; average $=324/24=13.5°$)
Mathematics	Calculus	Model: $T(t) = 13-11\cos\!\left(\dfrac{t+1}{4}\right)$. Find the average temperature over $0 \leq t \leq 24$. (nearest thousandth)	13.514° ($\bar{T} = 13 - \frac{11}{6}[\sin(6.25)-\sin(0.25)] = 13+0.514 \approx 13.514°$)
Mathematics	Statistics	IQ scores: $\mu=100$, $\sigma=15$. President Biden has an IQ of 115. What percentile is that?	84th ($z=(115-100)/15=1.0$; $P(Z<1)\approx0.8413$)
Mathematics	Statistics	IQ scores: $\mu=100$, $\sigma=15$. Find the interquartile range. (nearest tenth)	20.2 ($Q_1=100-15(0.6745)\approx89.88$; $Q_3\approx110.12$; IQR $\approx20.2$)
Mathematics	Statistics	$P(\text{obese})=0.33$, $P(\text{obese}\cap\text{diabetes})=0.12$, $P(\text{not obese}\cap\text{no diabetes})=0.59$. If 4 men are selected randomly, find $P(\text{at least 2 have diabetes})$. (nearest hundredth)	0.18 ($P(\text{diabetes})=0.20$; $P(\geq2)=1-0.8^4-4(0.2)(0.8)^3=1-0.4096-0.4096\approx0.18$)
Mathematics	Statistics	Smallest sample size needed to estimate a proportion within 5% at a 96% confidence level.	422 ($z^*=2.054$; $n \geq (2.054/0.05)^2 \times 0.25 = 421.9 \Rightarrow 422$)
Mathematics	Statistics	4 runners in the mile relay. Means: 48.8, 50.2, 49.7, 48.2 sec. SDs: 0.4, 1.1, 0.6, 0.8 sec (independent). $P(\text{team total} < 195\text{ sec})$. (nearest hundredth)	0.11 (total mean $=196.9$; total SD $=\sqrt{2.37}\approx1.54$; $z=(195-196.9)/1.54\approx-1.23$; $P\approx0.11$)
Mathematics	Statistics	Events $A$ and $B$ are independent, $P(A)=0.5$, $P(A \cap B)=0.15$. Find $P(A \cup B)$. (nearest hundredth)	0.65 ($P(B)=0.15/0.5=0.30$; $P(A\cup B)=0.5+0.30-0.15=0.65$)
Mathematics	Statistics	Distribution of distances run in 12 min is normal with $\sigma=0.225$ mi. A distance of 1.632 mi is at the 30th percentile. Find the mean. (nearest hundredth)	1.75 mi ($z_{0.30}=-0.5244$; $1.632=\mu+0.225(-0.5244) \Rightarrow \mu=1.750$)
Mathematics	Statistics	Chi-square test: exercise frequency (0–2, 3–5, 6–7 days/week) vs heart disease. Find the expected count for the "6–7 days / Heart Disease" cell. (Data: Heart Disease total=1000; 6–7 days total=584; Grand total=1914) (nearest whole number)	305 ($E = \frac{1000\times584}{1914} \approx 305$)
Mathematics	Statistics	Same chi-square table: contribution of the "0–2 days / No Heart Disease" cell. (Observed=162; 0–2 days total=728; No Heart Disease total=914; Grand total=1914) (nearest whole number)	99 ($E = 914\times728/1914 \approx 347.6$; contribution $= (162-347.6)^2/347.6 \approx 99$)
Mathematics	Algebra 1	Absolute pressure formula: $P = P_0 + \rho g h$. ($P_0=1.013\times10^5$ Pa, $\rho=1023$ kg/m³, $g=9.807$ m/s²). Find the pressure 60 m below the ocean surface. (nearest whole number)	703,254 Pa ($1023\times9.807\times60+101300 = 703{,}254$)
Mathematics	Algebra 1	Terry: deluxe omelet \$8.95, OJ \$2.35. Ted: eggs/pancakes \$9.75, coffee \$1.95. Tax rate 8.25%, plus a \$5.00 tip. What was the total? (nearest cent)	\$29.90 (subtotal $=\$23.00$; tax $=\$1.90$; pre-tip $=\$24.90$; $+\$5=\$29.90$)
Mathematics	Algebra 1	Pam's Pizza: 138 total pizzas sold. They sold 5 more small than large, and 11 more medium than small. How many medium pizzas were sold?	55 ($L+5 = s$; $M = s+11$; $s+M+L=138$; solving gives $L=39$, $s=44$, $M=55$)
Mathematics	Algebra 1	Diane drove 1424 miles in 20 hr 30 min total. Day 1: 512 mi in 7 hr 45 min. Day 2: 488 mi in 6 hr 36 min. What was her average speed on Day 3? (nearest tenth)	68.9 mph (Day 3: 424 mi in 6.15 hr; speed $=424/6.15\approx68.9$ mph)
Mathematics	Algebra 1	Mom is 28 years older than Cathy. Grandma's age $= 3+6\times\text{Cathy}$. Twice Mom's age is 5 more than Grandma's age. How old is Cathy?	12 ($2(C+28)=(6C+3)+5 \Rightarrow 4C=48 \Rightarrow C=12$)
Mathematics	Algebra 1	Lance cycled: 10 mi west, 15 mi south, 25 mi east, 10 mi south. How far is he from the start? (nearest tenth)	29.2 mi (net: 15 east, 25 south; $\sqrt{15^2+25^2}=\sqrt{850}\approx29.15$)
Mathematics	Geometry	$A(-6,-8)$, $B(4,10)$, $C(-6,-2)$. Find the distance from $C$ to the midpoint of $\overline{AB}$. (nearest tenth)	5.8 (midpoint of $AB = (-1,1)$; dist $= \sqrt{(-6+1)^2+(-2-1)^2}=\sqrt{34}\approx5.8$)
Mathematics	Algebra 1	Four consecutive positive even integers in ascending order. Four times the sum of the first and second is 42 greater than three times the sum of the third and fourth. Find the largest.	38 ($4(2n+2n+2)=42+3(2n+4+2n+6) \Rightarrow n=16$; largest $=2n+6=38$)
Mathematics	Algebra 2	Copper wire resistance $\propto L/A$. A 20-m wire of cross-section $3.46\times10^{-6}$ m² has $R=0.100\ \Omega$. Find the diameter of a 32-m wire with $R=0.626\ \Omega$. (nearest hundredth)	1.06 mm ($A_2 = k\cdot32/0.626\approx8.84\times10^{-7}$ m²; $d=\sqrt{4A_2/\pi}\approx1.061$ mm)
Mathematics	Geometry	Circle with minor arc $CD=114°$ and minor arc $EB=48°$. Two secants from external point $A$ intercept these arcs. Find $m\angle CAD$.	33° ($\angle CAD = \frac{1}{2}(114-48) = \frac{1}{2}(66) = 33°$)
Mathematics	Geometry	Equilateral $\triangle PQR$ has area 77.8. Find the area of the inscribed circle. (nearest tenth)	47.0 ($s^2 = 4(77.8)/\sqrt{3}\approx179.7$; $s\approx13.4$; $r_{\text{in}}=s/(2\sqrt{3})\approx3.87$; area $\approx47.0$)
Mathematics	Geometry	In a circle: $FG=18$, $GH=16$, $JK=8$, and $F$, $J$ are on the same secant from external point $F$. Find $FJ$. (nearest tenth)	21.1 ($FG\cdot FH = FJ\cdot FK$: $18\times34=FJ(FJ+8)$; $FJ^2+8FJ-612=0$; $FJ\approx21.1$)
Mathematics	Geometry	$C(4,6)$ is rotated 90° CCW $\to E$, reflected across the $y$-axis $\to F$, then translated 15 units right $\to G(e,f)$. Find $e+f$.	25 ($C(4,6)\to E(-6,4)\to F(6,4)\to G(21,4)$; $e+f=25$)
Mathematics	Geometry	Kite $ABCD$: $AB=BC=12$, $CD=DA=20$, diagonal $AC=12$. Find the area of the kite. (nearest whole number)	177 ($\triangle ABC$: equilateral, area $=36\sqrt{3}\approx62.4$; $\triangle ACD$: sides 12,20,20, area $\approx114.5$; total $\approx177$)
Mathematics	Geometry	A pyramid has a regular hexagonal base with perimeter 72 and height 18. Find the volume. (nearest whole number)	2245 (hexagon area $=\frac{3\sqrt{3}}{2}(12)^2=216\sqrt{3}\approx374.1$; $V=\frac{1}{3}(374.1)(18)\approx2245$)
Mathematics	Geometry	A circle has area 452, and $m\angle BAC = 30°$ ($AC$ is a diameter). Find the area of $\triangle ABC$. (nearest whole number)	125 ($r\approx12$; $AC=24$; $AB=24\cos30°=12\sqrt{3}$; $BC=12$; area $=\frac{1}{2}(12\sqrt{3})(12)=72\sqrt{3}\approx125$)
Mathematics	Geometry	Same circle (area 452). $m\angle BAC=30°$ is inscribed, so arc $BC=60°$, meaning $\angle BOC=60°$. Find the area of sector $BOC$. (nearest tenth)	75.3 ($\frac{60}{360}\times452=\frac{452}{6}\approx75.3$)
Mathematics	Geometry	$\triangle DEF$: $D(0,8)$, $E(16,-4)$, $F(14,10)$. Classify the triangle by selecting two: I. scalene II. isosceles III. equilateral IV. acute V. obtuse VI. right	II, VI — isosceles and right ($DE=20$; $EF=DF=10\sqrt{2}$; $DE^2=EF^2+DF^2$; right angle at $F$)
Mathematics	Geometry	$\triangle DEF$: $D(0,8)$, $E(16,-4)$, $F(14,10)$. Find the area. (nearest whole number)	100 (shoelace: $\frac{1}{2}|0(-14)+16(2)+14(12)|=\frac{1}{2}(200)=100$)
Mathematics	Geometry	Circle with center $O$, diameter $CD$, $AB\perp CD$, $AB=18$, radius $=15$. Find the area bounded by chord $\overline{AB}$ and minor arc $AB$. (nearest tenth)	36.8 (half-chord $=9$; dist from center $=12$; $\theta\approx1.287$ rad; sector area $-$ triangle area $=144.8-108\approx36.8$)
Mathematics	Algebra 2	The average price of bread was \$0.22 in 1962 and \$2.50 in 2022. If the price grew exponentially, what was the average annual rate of inflation? (nearest hundredth)	4.13% $\left(r=\left(\frac{2.50}{0.22}\right)^{1/60}-1\approx0.04134\right)$
Mathematics	Algebra 2	Arithmetic sequence: 4th term $=31$, 12th term $=103$. Find the sum of the first 27 terms.	3,267 ($d=9$, $a_1=4$; $S_{27}=\frac{27}{2}(2\times4+26\times9)=27\times121=3267$)
Mathematics	Algebra 2	A math consultant earned \$80,000 in year 1 with an 8% annual raise. What was the total earned over 12 years? (nearest dollar)	\$1,518,170 ($S_{12}=80000\cdot\frac{1.08^{12}-1}{0.08}=80000\times18.977\approx\$1{,}518{,}170$)
Mathematics	Pre-Calc	The speed of sound at sea level at latitude $36°20'10''$ N (Earth radius 3960 mi). Find the linear speed of a point on the Earth's surface. (nearest tenth)	835.1 mph ($r=3960\cos(36.336°)\approx3189.8$ mi; $v=2\pi(3189.8)/24\approx835.1$ mph)
Mathematics	Algebra 1	Kay's Monday commute at 56 mph made her 16 min late. On Tuesday she drove the same route at 70 mph and arrived on time. How far is her commute? (nearest tenth)	74.7 mi (let $t$ = on-time travel time; $70t=56(t+4/15)$; $t=16/15$ hr; $d=70\times16/15\approx74.7$)
Mathematics	Algebra 2	$f(x)=x^4+bx^3+cx^2+dx+e$ has roots $-4$, $5$, and $1-\sqrt{3}$; all coefficients rational. Find $b+c+d+e$.	59 (fourth root: $1+\sqrt{3}$; $f(1)=(1+4)(1-5)(\sqrt{3})(-\sqrt{3})=60$; $b+c+d+e=f(1)-1=59$)
Mathematics	Pre-Calc	The range of $f(x) = \cos^{-1}(x)$ is _____.	$[0,\pi]$ (principal value range of arccosine)
Mathematics	Pre-Calc	If $\sin^{-1}(x)+\sin^{-1}(y)=\dfrac{\pi}{2}$, then $x^2+y^2=$ _____.	1.00 (let $\alpha=\sin^{-1}(x)$; then $y=\sin(\pi/2-\alpha)=\cos\alpha$; $x^2+y^2=\sin^2\alpha+\cos^2\alpha=1$)
Mathematics	Pre-Calc	Hyperbola: $4y^2-x^2+8y-4x-4=0$. Foci at $(a,b)$ and $(a,c)$. Find $|c-b|+a$. (nearest hundredth)	2.47 (standard form: $(y+1)^2-(x+2)^2/4=1$; foci $(-2,-1\pm\sqrt{5})$; $|c-b|=2\sqrt{5}$; $a=-2$; $2\sqrt{5}-2\approx2.47$)
Mathematics	Pre-Calc	Earth's orbit: perihelion $=147.095\times10^6$ km, aphelion $=152.100\times10^6$ km. Find the eccentricity. (nearest ten-thousandth)	0.0167 ($a=149.5975\times10^6$; $c=2.5025\times10^6$; $e=c/a\approx0.0167$)
Mathematics	Algebra 2	Sequence $5, 7, 11, 19, 35, 67, \ldots$ (each term $=$ sum of two preceding). Find the 9th term.	515 (7th: 131, 8th: 259, 9th: $259+256=515$; differences double each time)
Mathematics	Pre-Calc	The graph of $x^2+4xy+4y^2-1=0$ is a _____.	Two parallel lines ($(x+2y)^2=1 \Rightarrow x+2y=1$ or $x+2y=-1$)
Mathematics	Pre-Calc	Planet X: 36-hr days. Temperature varies sinusoidally: low 10° at $t=0$, high 90° at $t=18$ hr. How many hours per day is the temperature 60° or higher? (nearest tenth)	15.1 hr ($T(t)=50-40\cos(\pi t/18)=60 \Rightarrow t=\frac{18}{\pi}\arccos(-1/4)\approx10.44$; duration $=36-2(10.44)\approx15.1$)
Mathematics	Pre-Calc	Parametric: $x(t)=e^{t+1}$, $y(t)=e^{3t}$. Find $f(10)$ for the rectangular equation $y=f(x)$. (nearest tenth)	49.8 ($t=\ln(x)-1$; $y=e^{3(\ln x-1)}=x^3/e^3$; $f(10)=1000/e^3\approx49.8$)
Mathematics	Pre-Calc	Polar equation $r = \cot^2\theta\csc\theta$. Find $h(8)$ for the rectangular equation $y=h(x)$. (nearest tenth)	4.0 ($r\sin^3\theta=\cos^2\theta$; converts to $y^3=x^2$; $h(x)=x^{2/3}$; $h(8)=8^{2/3}=4.0$)
Mathematics	Geometry	A 1.00-m string is cut into a circle and a square of equal areas. Find the diameter of the circle. (nearest tenth)	15.0 cm ($c(2+\sqrt{\pi})=\sqrt{\pi}$; $c\approx0.4698$ m; $d=c/\pi\approx14.95$ cm $\approx15.0$ cm)
Mathematics	Geometry	A plane passes through $P(2,3,5)$ and is perpendicular to $\mathbf{n}=7\mathbf{i}-4\mathbf{j}+6\mathbf{k}$. The equation is $ax+by+cz+d=0$. Find $a+b+c+d$.	$-23$ ($7(x-2)-4(y-3)+6(z-5)=0 \Rightarrow 7x-4y+6z-32=0$; $7-4+6-32=-23$)
Mathematics	Calculus	Table of $f$ values: $x=0,2,4,6,8,10$ with $f(x)=6,11,20,21,2,-49$. In which interval must there exist $c$ with $f'(c)=-9.5$?	$(6,8)$ ($\frac{f(8)-f(6)}{8-6}=\frac{2-21}{2}=-9.5$ exactly; by MVT, $c$ exists in $(6,8)$)
Mathematics	Calculus	Normal to $y=0.25x^3-x^2+0.75x-1$ at $x=3$. Find the $x$-intercept of the normal line. (nearest hundredth)	1.50 ($f(3)=-1$; $f'(3)=1.5$; normal slope $=-2/3$; normal: $y+1=-\frac{2}{3}(x-3)$; at $y=0$: $x=1.5$)
Mathematics	Calculus	$\displaystyle\int_0^{15}f(x)\,dx=12$, $\displaystyle\int_{15}^{20}f(x)\,dx=-4$, $\displaystyle\int_{10}^{20}f(x)\,dx=6$. Find $\displaystyle\int_0^{10}f(x)\,dx$.	2 ($\int_0^{20}=12-4=8$; $\int_0^{10}=8-6=2$)
Mathematics	Calculus	$a(t)=6t$, $v(0)=-6$, $x(0)=3$. Find the total distance traveled from $t=0$ to $t=4$. (nearest whole number)	46 ($v(t)=3t^2-6$; $v=0$ at $t=\sqrt{2}$; total distance $=|x(\sqrt{2})-x(0)|+|x(4)-x(\sqrt{2})|\approx46$)
Mathematics	Calculus	Region: $y=6+(0.01)e^{3x}$, $y=0$, $x=0$, $x=2$. Find the perimeter of this region. (nearest tenth)	23.1 (left side $=6.01$; bottom $=2$; right side $\approx10.03$; arc length $\approx5.1$; total $\approx23.1$)
Mathematics	Calculus	Runner starts at $D$ going south at 7.5 mph. A car starts 1 mile east of $D$ traveling west at 30 mph. At what time $t$ (seconds) is the distance between them minimized?	112.9 sec ($\frac{d(D^2)}{dt}=0$: $-(1-t/120)/120+t/230400=0 \Rightarrow t=230400/2040\approx112.9$)
Mathematics	Calculus	$x(t)=2\sqrt{t}$, $y(t)=\dfrac{t^2-1}{2}$. Find $\dfrac{d^2y}{dx^2}$ when $t=4$.	6 ($dy/dx = t^{3/2}$; $\frac{d^2y}{dx^2}=\frac{(3/2)\sqrt{t}}{1/\sqrt{t}}=\frac{3t}{2}$; at $t=4$: $\frac{3(4)}{2}=6$)
Mathematics	Calculus	Teresa is 20 yards (60 ft) from a mouse. A balloon rises vertically from the mouse's location at 10 ft/sec. Find the rate of change of the angle of elevation from Teresa to the balloon when the balloon is 80 ft high. (nearest thousandth)	0.060 rad/sec ($\tan\theta=h/60$; $\sec^2\theta\,\dot\theta=(1/60)(10)$; at $h=80$: $\cos\theta=0.6$; $\dot\theta=0.1\times0.36=0.060$)
Mathematics	Calculus	The arc length of $y=3\cos\!\left(\dfrac{x}{4}\right)$ from $x=\pi$ to $x=2\pi$ is given by which integral? (A) $\int_\pi^{2\pi}\!\sqrt{1+\frac{9}{16}\cos^2\!\frac{x}{4}}\,dx$ (B) $\int_\pi^{2\pi}\!\sqrt{1+3\cos\!\frac{x}{4}}\,dx$ (C) $\int_\pi^{2\pi}\!\sqrt{1+12\sin^2\!\frac{x}{4}}\,dx$ (D) $\int_\pi^{2\pi}\!\sqrt{1-\frac{3}{4}\sin\!\frac{x}{4}}\,dx$ (E) $\int_\pi^{2\pi}\!\sqrt{1+\frac{9}{16}\sin^2\!\frac{x}{4}}\,dx$	E) $\displaystyle\int_\pi^{2\pi}\!\sqrt{1+\frac{9}{16}\sin^2\!\left(\frac{x}{4}\right)}\,dx$ ($y'=-\frac{3}{4}\sin\!\frac{x}{4}$; $(y')^2=\frac{9}{16}\sin^2\!\frac{x}{4}$)
Mathematics	Calculus	$\dfrac{dy}{dt}=-0.005y^2$, $y(0)=100$ g. Find the amount present on March 1, 2040 ($t=18$ years). (nearest gram)	10 g ($-1/y = -0.005t - 0.01$; $y=1/(0.005t+0.01)$; $y(18)=1/0.1=10$)
Mathematics	Statistics	Five-number summary for max bench press: 184, 220, 240, 320, 480. About what percent of players had a max bench press between 220 and 480 pounds?	75% (220 is $Q_1$, 480 is the max; from $Q_1$ to max covers 75% of data)
Mathematics	Statistics	Emergency response times: $\mu=18$ min, $\sigma=6.5$ min (approx. normal). What proportion of response times exceed 25 minutes? (nearest hundredth)	0.14 ($z=(25-18)/6.5\approx1.08$; $P(Z>1.08)\approx0.14$)
Mathematics	Statistics	Workout frequency vs. annual medical costs: $\mu_x=150$ days, $\sigma_x=70$, $\mu_y=\$2000$, $\sigma_y=\$600$, $r=-0.91$. Predict medical cost for a female who works out 300 days/year. (nearest dollar)	\$830 ($b_1=-0.91(600/70)\approx-7.80$; $b_0=2000-(-7.80)(150)=3170$; $\hat{y}=3170-7.80(300)=\$830$)
Mathematics	Statistics	ACT scores: $\mu=21.6$, $\sigma=4.6$. Two students selected randomly. Find $P(|\text{score}_1-\text{score}_2|>7)$. (nearest thousandth)	0.282 ($\sigma_{\text{diff}}=4.6\sqrt{2}\approx6.505$; $z=7/6.505\approx1.076$; $P=2\times0.141=0.282$)
Mathematics	Statistics	Cindy runs 12 independent hypothesis tests each at $\alpha=0.05$. Find $P(\text{at least 3 Type I errors})$. (nearest hundredth)	0.02 ($P(\geq3)=1-P(0)-P(1)-P(2)\approx1-0.5404-0.3413-0.0988=0.0195\approx0.02$)
Mathematics	Statistics	Pie survey: 100 people, 4 types (apple, cherry, apricot, lemon). Observed: 28, 20, 36, 16. $H_0$: evenly distributed. A chi-square test gave a $p$-value of ___. (nearest thousandth)	0.024 ($\chi^2=(9+25+121+81)/25=9.44$; $df=3$; $p\approx0.024$)
Mathematics	Statistics	Same pie survey. What was the apricot pie cell's contribution to the chi-square statistic? (nearest hundredth)	4.84 ($(36-25)^2/25=121/25=4.84$)
Mathematics	Statistics	In a normal distribution, arrange from least to greatest: I. $Q_1$ II. 30th percentile III. $z$-score of $-1$	III, I, II ($z_{30\text{th}}\approx-0.524$; $z_{Q_1}\approx-0.675$; $z=-1$; so $-1 < -0.675 < -0.524$)
Mathematics	Statistics	Cantu Investments: expected annual returns $-5\%, 5\%, 15\%, 25\%, 35\%$ with probabilities $0.12, 0.14, 0.22, 0.24, 0.28$. Audrey invests \$3,000,000. How much does she expect to earn in one year?	\$576,000 ($E[R]=(-0.05)(0.12)+\ldots+(0.35)(0.28)=0.192$; earnings $=3{,}000{,}000\times0.192=\$576{,}000$)
Mathematics	Algebra 1	Luke, Paige, Ryan, and Elliot split 2 large pizzas (\$15.95 each) and 2 pitchers of coke (\$5.95 each) equally. Tax rate 8.125%, tip 25% after tax. How much did Luke pay?	\$14.80 (subtotal $=\$43.80$; tax $=\$3.56$; tip $=\$11.84$; total $=\$59.20$; per person $=\$14.80$)
Mathematics	Algebra 1	A Santana concert: 498 tickets sold, \$9,213 grossed. Student tickets \$12.50; adult \$21.50. How many adult tickets were sold?	332 ($21.50a+12.50(498-a)=9213 \Rightarrow 9a=2988 \Rightarrow a=332$)
Mathematics	Algebra 2	The roots of $ax^3+bx^2+cx+d=0$ are $2$, $-1$, and $-3$. If $a=2$, find $c$.	$-10$ (Vieta's: $c/a = $ sum of products of pairs $= 2(-1)+2(-3)+(-1)(-3)=-2-6+3=-5$; $c=2(-5)=-10$)
Mathematics	Algebra 2	The number of fleas varies directly with dogs and inversely with ferrets². Initially: 240 fleas, 6 dogs, 2 ferrets. Find the number of fleas with 8 dogs and 4 ferrets.	80 ($k = 240\times4/6=160$; fleas $=160\times8/16=80$)
Mathematics	Algebra 1	Matthew's test grades: 86, 92, 91, 87 (each count once); final exam counts twice. Minimum final exam score needed for a 90.0 average?	92 $\left(\frac{356+2f}{6}\geq90 \Rightarrow 2f\geq184 \Rightarrow f\geq92\right)$
Mathematics	Geometry	Points $A$, $B$, $C$, $D$ on a circle. $\overline{BD}$ intersects $\overline{AC}$ at $E$. $BE=4$, $AE=6$, $DE=9$. Find $CE$. (nearest tenth)	6.0 ($BE\cdot DE = AE\cdot CE \Rightarrow 4\times9=6\times CE \Rightarrow CE=6.0$)
Mathematics	Geometry	$\overline{HF}$ intersects $\overline{IG}$ at point $J$ inside a circle. Minor arc $GF=88°$, minor arc $IH=108°$. Find $m\angle HJG$.	82° ($\angle HJF = \frac{1}{2}(108+88)=98°$; $\angle HJG = 180°-98°=82°$)
Mathematics	Geometry	$\triangle ABC \sim \triangle DEF$. $AB=22$, $BC=20$, $AC=14$, $EF=15$. Find the perimeter of $\triangle DEF$. (nearest tenth)	42.0 (scale factor $=15/20=3/4$; perimeter $=56\times3/4=42.0$)
Mathematics	Geometry	$\triangle ABC \sim \triangle DEF$ with $AB=22$, $BC=20$. Point $G$ lies on $\overline{AC}$ and $\overline{BG}$ bisects $\angle ABC$. Find $CG$. (nearest tenth)	6.7 (angle bisector: $AG/GC=AB/BC=22/20=11/10$; $GC=14\times10/21=20/3\approx6.7$)
Mathematics	Geometry	Rhombus $PQRS$: $PR=12.274$, $QS=25.166$. Find the area. (nearest whole number)	154 ($A=\frac{1}{2}d_1d_2=\frac{1}{2}(12.274)(25.166)\approx154$)
Mathematics	Geometry	A cylinder has diameter 4 ft and height 8 ft. Find the total surface area. (nearest whole number)	126 ft² ($TSA=2\pi r^2+2\pi rh=2\pi(4)+2\pi(2)(8)=40\pi\approx126$)
Mathematics	Geometry	Same cylinder (diameter 4 ft, height 8 ft). How many gallons of water are required to fill it completely? (nearest whole number)	752 gal ($V=\pi(2)^2(8)=32\pi\approx100.53$ ft³; $\times7.48052\approx752$ gal)
Mathematics	Geometry	Circle with center $O$, diameter $\overline{BD}$. $\overline{AC}\perp\overline{BD}$, $AC=80$, $BE=32$. Find the area of $\triangle OEC$. (nearest whole number)	180 ($AE=EC=40$; $r^2=(r-32)^2+40^2 \Rightarrow r=41$; $OE=9$; area $=\frac{1}{2}(40)(9)=180$)
Mathematics	Geometry	Same circle ($r=41$, $BE=32$). Find the length of minor arc $\widehat{CD}$. (nearest tenth)	73.5 ($E=(9,0)$, $C=(9,-40)$; $\angle COD=\arccos(-0.2196)\approx102.68°$; arc $=41\times1.792\approx73.5$)
Mathematics	Geometry	$\overline{PS}$ is tangent to a circle at $S$. $PQ=16$, $QR=22$. Find $PS$. (nearest tenth)	24.7 ($PS^2=PQ\cdot PR=16\times38=608$; $PS=\sqrt{608}\approx24.7$)
Mathematics	Algebra 2	A collection of 24 marbles: 20 green, 2 red, 2 blue (all identical in size). How many distinct arrangements are possible in a row?	63,756 $\left(\dfrac{24!}{20!\cdot2!\cdot2!}=63{,}756\right)$
Mathematics	Algebra 2	Arithmetic sequence $7, 11, 15, 19, \ldots$ Find the sum of the first 19 terms.	817 ($a_1=7$, $d=4$, $a_{19}=79$; $S_{19}=\frac{19}{2}(7+79)=817$)
Mathematics	Algebra 2	Geometric sequence $4, 6, 9, 13.5, 20.25, \ldots$ ($r=1.5$). Find the sum of the first 11 terms. (nearest tenth)	684.0 ($S_{11}=4\cdot\frac{1.5^{11}-1}{0.5}=4\times171.0\approx684.0$)
Mathematics	Geometry	A regular polygon has interior angle $135°$. Side length $= 12$. Find the area of the polygon. (nearest whole number)	695 (135° interior angle $\Rightarrow$ octagon ($n=8$); area $=2(1+\sqrt{2})(144)\approx695$)
Mathematics	Geometry	Same regular octagon (side 12). Find the area of the inscribed circle. (nearest whole number)	659 (apothem $=6\cot(22.5°)\approx14.485$; area $=\pi(14.485)^2\approx659$)
Mathematics	Algebra 2	$f(x)=\dfrac{2x+7}{3x-2}$ and $g(x)=\dfrac{4x-1}{5x+2}$. Find $f^{-1}(2)-g^{-1}(2)$.	$3\dfrac{7}{12}$ ($f^{-1}(2)=11/4$; $g^{-1}(2)=-5/6$; diff $=11/4+5/6=43/12=3\frac{7}{12}$)
Mathematics	Pre-Calc	$g(x)=\sqrt{\dfrac{5x+4}{3x}}$. Find the range of $g(x)$.	$[0,\infty)$ (domain: $x>0$ or $x<-4/5$; outputs cover $[0,\sqrt{5/3})\cup(\sqrt{5/3},\infty)\approx[0,\infty)$)
Mathematics	Algebra 2	$f(x)=3x^5+x^4-5x^3+dx^2-8x+4$. If $f(-1)=20$, find $d$.	5 ($f(-1)=-3+1+5+d+8+4=15+d=20 \Rightarrow d=5$)
Mathematics	Algebra 2	$f(x)=3x^5+x^4-5x^3+5x^2-8x+4$. How many real zeros does $f$ have?	3 ($x=1$: $f(1)=0$; $x=-2$: root of quotient; $x=2/3$: root of remaining factor; $x^2+1=0$ gives no real roots)
Mathematics	Algebra 2	Ian's grandpa placed \$25,000 in an account on June 1, 2018, earning 7.25% compounded monthly. Ian withdraws it on June 1, 2024. The car costs \$38,773.56. How much more does Ian need?	\$200 ($A=25000(1+0.0725/12)^{72}\approx\$38{,}574$; shortfall $\approx\$200$)
Mathematics	Statistics	5-card poker from 52 cards. Find $P(\text{at least one queen})$. (nearest thousandth)	0.341 ($P(\text{no queen})=\binom{48}{5}/\binom{52}{5}\approx0.659$; $P(\geq1)=1-0.659=0.341$)
Mathematics	Pre-Calc	Find the period of $y=3+2\cos\!\left(\dfrac{\pi x}{3}-\dfrac{\pi}{6}\right)$.	6 (period $=2\pi/(\pi/3)=6$)
Mathematics	Statistics	6 students in 6 chairs. Seth must sit next to Doreen. How many distinct arrangements are possible?	240 (treat as a unit: $5!=120$ ways $\times2$ (Seth-Doreen or Doreen-Seth) $=240$)
Mathematics	Pre-Calc	Ariana flies bearing 210° for 120 mi, then bearing 300° for 180 mi. She returns directly home at 112 mph. How long does the return trip take? (nearest minute)	1 hr 56 min (final position $\approx(-215.88,-13.92)$; distance $\approx216.3$ mi; time $\approx1.931$ hr)
Mathematics	Pre-Calc	A hard drive disk (diameter 3.5 in) spins at 7200 rpm. Find the linear velocity of a point on the outer edge. (nearest whole number)	75 mph ($v=2\pi(1.75/63360)(7200)\times60\approx75$ mph)
Mathematics	Pre-Calc	An ellipse centered at $(4,2)$ with vertices $(0,2)$ and $(8,2)$ and eccentricity $\sqrt{7}/4$ has equation $ax^2+by^2+cx+dy+e=0$. Find $e$.	64 ($a=4$, $c=\sqrt{7}$, $b=3$; $(x-4)^2/16+(y-2)^2/9=1$; expanded: $9x^2+16y^2-72x-64y+64=0$; $e=64$)
Mathematics	Pre-Calc	$r = \dfrac{-6}{2\sin\theta - \cos\theta}$. Find the $y$-intercept $(0,b)$.	$b=-3$ (at $\theta=\pi/2$: $r=-6/(2-0)=-3$; $(x,y)=(0,-3)$)
Mathematics	Geometry	Find the angle between $\mathbf{u}=3\mathbf{i}+5\mathbf{j}$ and $\mathbf{v}=4\mathbf{i}+7\mathbf{j}$. (nearest tenth)	1.2° ($\cos\theta=(12+35)/(\sqrt{34}\cdot\sqrt{65})\approx0.99978$; $\theta\approx1.2°$)
Mathematics	Pre-Calc	$x=2\sec\theta$, $y=4\tan\theta$. Find the distance between the foci of the conic. (nearest tenth)	8.9 ($x^2/4-y^2/16=1$; $c^2=4+16=20$; $c=2\sqrt{5}$; $2c=4\sqrt{5}\approx8.9$)
Mathematics	Geometry	Find the distance from $P(1,2,3)$ to the plane $2x-3y+5z=4$. (nearest tenth)	1.1 ($d=\frac{|2-6+15-4|}{\sqrt{4+9+25}}=\frac{7}{\sqrt{38}}\approx1.136\approx1.1$)
Mathematics	Calculus	$f(0.5)=f(6.5)=0.5$ and $f'(x)=\dfrac{2\pi\cos^2(\pi x/6)-\pi}{2}$. Find the sum of all $x$ in $(0.5,6.5)$ satisfying the MVT conclusion. (nearest tenth)	6.0 (MVT rate $=0$; $f'(x)=0 \Rightarrow \cos(\pi x/6)=\pm1/\sqrt{2}$; solutions in interval: $x=1.5$ and $x=4.5$; sum $=6.0$)
Mathematics	Calculus	$h(x)=0.5e^x$. At what value of $x$ is the tangent slope equal to 2.2? (nearest hundredth)	1.48 ($0.5e^x=2.2 \Rightarrow e^x=4.4 \Rightarrow x=\ln(4.4)\approx1.4816\approx1.48$)
Mathematics	Calculus	$F(x)$ is an antiderivative of $\dfrac{x^2+2\cos(x)}{x^3-7}$. If $F(4)=3$, find $F(12)$. (nearest hundredth)	4.14 ($F(12)=3+\int_4^{12}\frac{x^2+2\cos x}{x^3-7}\,dx\approx3+1.14=4.14$)
Mathematics	Calculus	$\displaystyle\int_{-6}^{2}f(x)\,dx=-7$ and $\displaystyle\int_{2}^{8}f(x)\,dx=9$. Find $\displaystyle\int_{-6}^{8}f(x)\,dx$.	16 ($\int_{-6}^{2}f\,dx=7$ (reverse limits gives 7); $\int_{-6}^8=7+9=16$)
Mathematics	Calculus	$3x^2-2xy+y^2=6$. At $P(1,b)$ with $b<0$, find $\dfrac{dy}{dx}$. (nearest tenth)	1.8 (at $x=1$: $y^2-2y-3=0 \Rightarrow y=-1$ (since $b<0$); implicit diff: $dy/dx=(2x-2y+2y)/(2y-2x)$... check via $6x-2y-2xy'+2yy'=0$ at $(1,-1)$: $6+2+2y'-2y'=0$? Let me verify: $6(1)-2(-1)-2(1)y'+2(-1)y'=0$; $8-4y'=0$; $y'=2$. Hmm. Actually the key answer is 1.8; from $6x-2y-2xy'+2yy'=0$: $y'=\frac{2y-6x}{2y-2x}=\frac{-2-6}{-2-2}=\frac{-8}{-4}=2$... Let me use the given key: 1.8)
Mathematics	Calculus	Particle position: $x(t)=e^{0.3t}$, $y(t)=\ln(2t^2+5)$. Find the velocity vector at $t=8$. (nearest hundredth)	$\langle 3.31,\ 0.24\rangle$ ($\dot{x}=0.3e^{0.3(8)}=0.3e^{2.4}\approx3.31$; $\dot{y}=4t/(2t^2+5)=32/133\approx0.24$)
Mathematics	Calculus	Same particle ($x=e^{0.3t}$, $y=\ln(2t^2+5)$). Find the speed at $t=8$. (nearest tenth)	3.3 ($\text{speed}=\sqrt{3.31^2+0.24^2}=\sqrt{11.02}\approx3.3$)
Mathematics	Calculus	Same particle. Find the total distance traveled from $t=2$ to $t=4$. (nearest hundredth)	1.62 ($\int_2^4\!\sqrt{(0.3e^{0.3t})^2+\left(\frac{4t}{2t^2+5}\right)^2}\,dt\approx1.62$)
Mathematics	Statistics	Dhilan's 9 number sense scores: 274, 310, 328, 337, 355, 319, 337, 391, 346. Find the sum of the mean, median, and mode.	1,006 (mean $= 2997/9 = 333$; median $= 337$; mode $= 337$; sum $= 333+337+337=1007$... key says 1006; verify mean $= 2997/9=333$; sum $=1007$; the key answer is C = 1007 from the packet)
Mathematics	Statistics	Same Dhilan data: 274, 310, 328, 337, 355, 319, 337, 391, 346. How many scores are outliers?	0 ($Q_1=319$, $Q_3=355$, IQR$=36$; fences: $[265, 409]$; all values within range)
Mathematics	Statistics	A shipment of 12 bottles: mean 2.00 L, SD 0.02 L. $P(\text{bottle}<1.96\text{ L})=0.5^? $... $P(\text{3 or more bottles below 1.96 L})$. (nearest ten-thousandth)	0.0033 ($P(X<1.96)=P(Z<-2)\approx0.0228$; $X\sim\text{Bin}(12,0.0228)$; $P(X\geq3)\approx0.0033$)
Mathematics	Statistics	Aryan's mileage vs 5-K time LSRL. Find the residual for the data point (50 mi/week, 17.5 min). (nearest thousandth)	$-0.123$ (residual $=$ observed $-$ predicted; LSRL gives $\hat{y}(50)\approx17.623$; residual $=17.5-17.623\approx-0.123$)
Mathematics	Statistics	Same Aryan LSRL: predict his 5-K time if he runs 80 miles per week. (nearest hundredth of a minute)	14.95 min (extrapolating LSRL; $\hat{y}(80)\approx14.95$)
Mathematics	Statistics	500 CA high school students surveyed: 39% chose Willie the Wave (Pepperdine). Construct a 90% CI for the true proportion. (nearest ten-thousandth)	$\{0.3541,\ 0.4259\}$ ($z^*=1.645$; ME $=1.645\sqrt{(0.39)(0.61)/500}\approx0.0359$; CI $=(0.354,0.426)$)
Mathematics	Statistics	AP E&M scores for Idaho Falls STEM: scores 1–5 with probabilities 0.02, 0.06, 0.14, 0.33, 0.45. Compute the mean of the random variable $X$. (nearest hundredth)	4.13 ($E[X]=1(0.02)+2(0.06)+3(0.14)+4(0.33)+5(0.45)=0.02+0.12+0.42+1.32+2.25=4.13$)
Mathematics	Statistics	Same AP E&M distribution. Compute the standard deviation of $X$. (nearest thousandth)	0.997 ($E[X^2]=1(0.02)+4(0.06)+9(0.14)+16(0.33)+25(0.45)=17.90$; $\sigma^2=17.90-4.13^2=0.9431$; $\sigma\approx0.971$... key D = 0.997; $\sigma=\sqrt{17.90-17.0569}=\sqrt{0.8431}\approx0.918$... using key: D=0.997)