Category	Trick	Problem	Answer
Number Sense	Multiplying by 11 Trick	11 $\times$ 54 =	594
Number Sense	Multiplying by 11 Trick	11 $\times$ 72 =	792
Number Sense	Multiplying by 11 Trick	11 $\times$ 38 =	418
Number Sense	Multiplying by 11 Trick	462 $\times$ 11 =	5082
Number Sense	Multiplying by 11 Trick	11 $\times$ 74 =	814
Number Sense	Multiplying by 11 Trick	66 $\times$ 11 =	726
Number Sense	Multiplying by 11 Trick	1.1 $\times$ 2.3 =	2.53
Number Sense	Multiplying by 11 Trick	52 $\times$ 11 =	572
Number Sense	Multiplying by 11 Trick	246 $\times$ 11 =	2706
Number Sense	Multiplying by 11 Trick	111 $\times$ 456 =	50616
Number Sense	Multiplying by 11 Trick	198 $\div$ 11 =	18
Number Sense	Multiplying by 11 Trick	357 $\times$ 11 =	3927
Number Sense	Multiplying by 11 Trick	275 $\div$ 11 =	25
Number Sense	Multiplying by 11 Trick	321 $\times$ 111 =	35631
Number Sense	Multiplying by 11 Trick	1.1 $\times$.25 =	.275
Number Sense	Multiplying by 11 Trick	111 $\times$ 44 =	4884
Number Sense	Multiplying by 11 Trick	374 $\div$ 11 =	34
Number Sense	Multiplying by 11 Trick	87 $\times$ 111 =	9657
Number Sense	Multiplying by 11 Trick	286 $\div$ 11 =	26
Number Sense	Multiplying by 11 Trick	111 $\times$ 53 =	5883
Number Sense	Multiplying by 11 Trick	297 $\div$ 11 =	27
Number Sense	Multiplying by 11 Trick	2233 $\div$11=	203
Number Sense	Multiplying by 11 Trick	198 $\times$ 11 =	2178
Number Sense	Multiplying by 11 Trick	297 $\div$ 11 =	27
Number Sense	Multiplying by 11 Trick	111 $\times$ 41 =	4551
Number Sense	Multiplying by 11 Trick	111 $\times$ 35 =	3885
Number Sense	Multiplying by 11 Trick	111 $\times$ 345 =	38295
Number Sense	Multiplying by 11 Trick	2003 $\times$ 111 =	222333
Number Sense	Multiplying by 11 Trick	3 $\times$ 5 $\times$ 7 $\times$ 11 =	1155
Number Sense	Multiplying by 11 Trick	121 $\times$ 121 =	14641
Number Sense	Multiplying by 11 Trick	33 $\times$ 1111 =	36663
Number Sense	Multiplying by 11 Trick	22 $\times$ 32 =	704
Number Sense	Multiplying by 11 Trick	36963 $\div$ 111 =	333
Number Sense	Multiplying by 11 Trick	20.07 $\times$ 1.1 =	22.077
Number Sense	Multiplying by 11 Trick	11% of 22 is: % (dec.)	2.42%
Number Sense	Multiplying by 11 Trick	13 $\times$ 121 =	1573
Number Sense	Multiplying by 11 Trick	27972 $\div$ 111 =	252
Number Sense	Multiplying by 11 Trick	2006 $\times$ 11 =	22066
Number Sense	Multiplying by 11 Trick	114 =	14641
Number Sense	Multiplying by 11 Trick	33 $\times$ 44 =	1452
Number Sense	Multiplying by 11 Trick	2 $\times$ 3 $\times$ 11 $\times$ 13 =	858
Number Sense	Multiplying by 11 Trick	121 $\times$ 22 =	2662
Number Sense	Multiplying by 11 Trick	44 $\times$ 55 =	2420
Number Sense	Multiplying by 11 Trick	2 $\times$ 3 $\times$ 5 $\times$ 7 $\times$ 11 =	2310
Number Sense	Multiplying by 11 Trick	2553 $\div$ 111 =	23
Number Sense	Multiplying by 11 Trick	114 $\times$ 121 =	13794
Number Sense	Multiplying by 11 Trick	44 $\times$ 25 $\times$ 11 =	12100
Number Sense	Multiplying by 11 Trick	55 $\times$ 33 =	1815
Number Sense	Multiplying by 11 Trick	32 $\times$ 64 $\times$ 16 $\div$ 48 =	**683**<br>648−717
Number Sense	Multiplying by 11 Trick	2002 $\div$ 11 =	182
Number Sense	Multiplying by 11 Trick	77 $\times$ 88 =	6776
Number Sense	Multiplying by 11 Trick	44.4 $\times$ 33.3 $\times$ 22.2 =	**32823**<br>31181−34465
Number Sense	Multiplying by 11 Trick	11 $\times$ 11 $\times$ 11 $\times$ 11 =	14641
Number Sense	Multiplying by 11 Trick	25553 $\div$ 1111 =	23
Number Sense	Multiplying by 11 Trick	11 $\times$ 13 $\times$ 42 =	6006
Number Sense	Multiplying by 11 Trick	1111 $\times$ 123 =	136653
Number Sense	Multiplying by 11 Trick	11 $\times$ 7 $\times$ 5 $\times$ 3 $\times$ 2 =	2310
Number Sense	Multiplying by 11 Trick	121 $\times$ 124 =	15004
Number Sense	Multiplying by 11 Trick	33 $\times$ 44 $\times$ 55 =	**79875**<br>75897−83853
Number Sense	Multiplying by 101 Trick	1234 $\times$ 101 =	124634
Number Sense	Multiplying by 101 Trick	10.1 $\times$ 234 =	2363.4
Number Sense	Multiplying by 101 Trick	369 $\times$ 101 =	37269
Number Sense	Multiplying by 101 Trick	34845 $\div$ 101 =	345
Number Sense	Multiplying by 101 Trick	22422 $\div$ 101 =	222
Number Sense	Multiplying by 101 Trick	202 $\times$ 123 =	24846
Number Sense	Multiplying by 101 Trick	If 6 balls cost $6.06, then 15 balls cost: $	$15.15
Number Sense	Multiplying by 101 Trick	404 $\times$1111=	448844
Number Sense	Multiplying by 101 Trick	(48 + 53) $\times$ 151 =	**15251**<br>14488−16014
Number Sense	Multiplying by 25 Trick	240 $\times$ 25 =	6000
Number Sense	Multiplying by 25 Trick	25 $\times$ 432 =	10800
Number Sense	Multiplying by 25 Trick	2.6 $\times$2.5 =	6.5
Number Sense	Multiplying by 25 Trick	148 $\times$ 25 =	3700
Number Sense	Multiplying by 25 Trick	25 $\times$ 33 =	825
Number Sense	Multiplying by 25 Trick	64 $\div$ 25 =	2.56
Number Sense	Multiplying by 25 Trick	25 $\times$ 147 =	3675
Number Sense	Multiplying by 25 Trick	418 $\times$ 25 =	
Number Sense	Multiplying by 25 Trick	616 $\div$ 25 =	24.64
Number Sense	Multiplying by 25 Trick	2.5 $\times$ 40.4 =	101
Number Sense	Multiplying by 25 Trick	1.1 $\div$ 2.5 =	10450
Number Sense	Multiplying by 25 Trick	3232 $\times$ 25 =	.44
Number Sense	Multiplying by 25 Trick	97531 $\div$ 246 = 23. 2006 $\div$ 25 =	**80800**
Number Sense	Multiplying by 25 Trick	Which is smaller:	376 −417
Number Sense	Multiplying by 25 Trick	25 $\times$ 307 =	5225
Number Sense	Multiplying by 25 Trick	209 $\times$ 25 =	850
Number Sense	Multiplying by 25 Trick	(18 + 16)(9 + 16) =	1265 −1400
Number Sense	Multiplying by 25 Trick	32 is 2	85.6%
Number Sense	Multiplying by 25 Trick	334455 $\div$ 251 =	**16.16**
Number Sense	Multiplying by 25 Trick	21.4 is % of 25.	7575
Number Sense	Multiplying by 25 Trick	404 $\div$ 25 =	376 −417
Number Sense	Multiplying by 25 Trick	303 $\times$ 25 =	80.24
Number Sense	Multiplying by 25 Trick	97531 $\div$ 246 =	**7675**
Number Sense	Multiplying by 25 Trick	47985 $\div$ 246 =	**1280**
Number Sense	Multiplying by 25 Trick	25 $\times$ 2003 =	185 −205
Number Sense	Multiplying by 25 Trick	15 $\times$ 25 $\times$ 11 =	50075
Number Sense	Multiplying by 25 Trick	11 $\times$ 24 $\times$ 25 =	4125
Number Sense	Multiplying by 25 Trick	11 $\times$ 18 $\times$ 25 =	6600
Number Sense	Multiplying by 25 Trick	Which is larger:	4950
Number Sense	Multiplying by 25 Trick	248 $\times$ 250 $\times$ 252 =	
Number Sense	Multiplying by 75 trick	48 $\times$ 75 =	3600
Number Sense	Multiplying by 75 trick	64 $\times$ 75 =	4800
Number Sense	Multiplying by 75 trick	66 $\div$ 75 =	.88
Number Sense	Multiplying by 75 trick	84 $\times$ 75 =	6300
Number Sense	Multiplying by 75 trick	443322 $\div$ 751 =	**590**<br>560−620
Number Sense	Multiplying by 75 trick	28 $\times$ 75 =	2100
Number Sense	Multiplying by 75 trick	75 $\times$ 24 =	1800
Number Sense	Multiplying by 75 trick	7532 $\times$ 1468	**.64**
Number Sense	Multiplying by 75 trick	48 $\div$ 75 =	719 −796
Number Sense	Multiplying by 75 trick	566472 $\div$ 748 =	**1.28**
Number Sense	Multiplying by 75 trick	96 $\div$ 75 =	19800
Number Sense	Multiplying by 75 trick	75 $\times$ 11 $\times$ 24 =	64
Number Sense	Multiplying by 75 trick	4800 $\div$ 75 =	54000
Number Sense	Multiplying by 75 trick	75 $\times$ 48 $\times$ 15 =	72.6
Number Sense	Multiplying by 75 trick	8.8 $\times$ 7.5 $\times$ 1.1 =	
Number Sense	Multiplying by Any Fraction of 100, 1000, etc...	375 $\times$ 408 =	8633
Number Sense	Multiplying by Any Fraction of 100, 1000, etc...	359954 $\div$ 1111 =	**9312**
Number Sense	Multiplying by Any Fraction of 100, 1000, etc...	88 $\times$ 12.5 $\times$.11 =	11227
Number Sense	Multiplying by Any Fraction of 100, 1000, etc...	719 $\times$ 875 =	**9021**
Number Sense	Multiplying by Any Fraction of 100, 1000, etc...	428571 $\times$ 22 =	**11021**
Number Sense	Multiplying by Any Fraction of 100, 1000, etc...	85714.2 $\div$714.285=	**8277**
Number Sense	Multiplying by Any Fraction of 100, 1000, etc...	488 $\times$ 375 =	11016
Number Sense	Multiplying by Any Fraction of 100, 1000, etc...	6311 $\times$ 1241 =	**11663**
Number Sense	Multiplying by Any Fraction of 100, 1000, etc...	884422 $\div$ 666 =	**8544**
Number Sense	Multiplying by Any Fraction of 100, 1000, etc...	106.25% of 640 =	**8924**
Number Sense	Multiplying by Any Fraction of 100, 1000, etc...	6388 $\times$3.75=	**10712**
Number Sense	Multiplying by Any Fraction of 100, 1000, etc...	240 $\times$ 875 =	10506
Number Sense	Multiplying by Any Fraction of 100, 1000, etc...	12.75 $\times$ 28300 $\div$ 102 =	**8556**
Number Sense	Multiplying by Any Fraction of 100, 1000, etc...	375 $\times$ 24.8 =	11342
Number Sense	Multiplying by Any Fraction of 100, 1000, etc...	857142 $\times$ 427 =	**1.5**
Number Sense	Multiplying by Any Fraction of 100, 1000, etc...	.0625 $\times$.32 =	10.56
Number Sense	Multiplying by Any Fraction of 100, 1000, etc...	16667 $\times$ 369 =	**700**
Number Sense	Multiplying by Any Fraction of 100, 1000, etc...	918576 $\div$ 432 =	**8918**
Number Sense	Multiplying by Any Fraction of 100, 1000, etc...	456789 $\div$ 123 =	**987042**
Number Sense	Multiplying by Any Fraction of 100, 1000, etc...	106% of 319 =	**9888**
Number Sense	Multiplying by Any Fraction of 100, 1000, etc...	571428 $\times$.875 =	**9579**
Number Sense	Multiplying by Any Fraction of 100, 1000, etc...	123% of 882 =	**980099**
Number Sense	Multiplying by Any Fraction of 100, 1000, etc...	95634 $\div$ 278 =	**1013036**
Number Sense	Multiplying by Any Fraction of 100, 1000, etc...	273849 $\div$ 165 =	**10379**
Number Sense	Multiplying by Any Fraction of 100, 1000, etc...	5714.28 $\times$85=	**9672**
Number Sense	Multiplying by Any Fraction of 100, 1000, etc...	9.08% of 443322 =	**9888**
Number Sense	Multiplying by Any Fraction of 100, 1000, etc...	8333 $\times$ 23 =	**982081**
Number Sense	Multiplying by Any Fraction of 100, 1000, etc...	.125 $\times$ 482 =	10088
Number Sense	Multiplying by Any Fraction of 100, 1000, etc...	714285 $\times$.875 =	**1011024**
Number Sense	Multiplying by Any Fraction of 100, 1000, etc...	87% of 789 =	**1.104**
Number Sense	Multiplying by Any Fraction of 100, 1000, etc...	16667 $\times$ 49 =	**448**<br>425−471
Number Sense	Multiplying by Any Fraction of 100, 1000, etc...	123456 $\div$ 111 =	**2213**<br>2102−2324
Number Sense	Multiplying by Any Fraction of 100, 1000, etc...	875421 $\div$369=	**1110**<br>1054−1166
Number Sense	Multiplying by Any Fraction of 100, 1000, etc...	71984 $\times$ 1.371 =	**200000**
Number Sense	Multiplying by Any Fraction of 100, 1000, etc...	63% of 7191 =	**6977**<br>6628−7326
Number Sense	Multiplying by Any Fraction of 100, 1000, etc...	5714.28 $\times$ 83 =	**192850**
Number Sense	Multiplying by Any Fraction of 100, 1000, etc...	1428.57 $\times$ 62 =	**6000**
Number Sense	Multiplying by Any Fraction of 100, 1000, etc...	80520 $\div$ 131 =	**147**<br>139−154
Number Sense	Multiplying by Any Fraction of 100, 1000, etc...	142.857 $\times$ 428.571 =	**4864**<br>4620−5107
Number Sense	Multiplying by Any Fraction of 100, 1000, etc...	12509 $\times$ 635 =	**4124**<br>3917−4330
Number Sense	Multiplying by Any Fraction of 100, 1000, etc...	1234 $\times$ 567 =	**153000**
Number Sense	Multiplying by Any Fraction of 100, 1000, etc...	789123 $\div$ 456 =	**324**<br>307−341
Number Sense	Multiplying by Any Fraction of 100, 1000, etc...	125 $\times$ 320 =	121
Number Sense	Multiplying by Any Fraction of 100, 1000, etc...	8333 $\times$ 24 =	**120**<br>114−126
Number Sense	Multiplying by Any Fraction of 100, 1000, etc...	138 $\div$ 125 =	183000
Number Sense	Multiplying by Any Fraction of 100, 1000, etc...	57381 $\div$ 128 =	**1328**<br>1261−1395
Number Sense	Multiplying by Any Fraction of 100, 1000, etc...	245632 $\div$ 111 =	**680**<br>646−714
Number Sense	Multiplying by Any Fraction of 100, 1000, etc...	16667 $\div$ 8333 $\times$555=	**23955**<br>22757−25153
Number Sense	Multiplying by Any Fraction of 100, 1000, etc...	625 $\times$ 320 =	210000
Number Sense	Multiplying by Any Fraction of 100, 1000, etc...	774447 $\div$ 111 =	**3538**<br>3360−3715
Number Sense	Multiplying by Any Fraction of 100, 1000, etc...	62.5 $\times$ 3248 =	**9300**
Number Sense	Multiplying by Any Fraction of 100, 1000, etc...	12.5 $\times$ 480 =	.02
Number Sense	Multiplying by Any Fraction of 100, 1000, etc...	17304 $\div$ 118 =	**2127**<br>2020−2233
Number Sense	Multiplying by Any Fraction of 100, 1000, etc...	87% of 5590 =	**3714**<br>3528−3900
Number Sense	Multiplying by Any Fraction of 100, 1000, etc...	457689 $\div$ 111 =	**339**<br>321−356
Number Sense	Multiplying by Any Fraction of 100, 1000, etc...	625 $\times$ 648 =	**1085**<br>1030−1140
Number Sense	Multiplying by Any Fraction of 100, 1000, etc...	625 $\times$ 65 =	326 −362
Number Sense	Multiplying by Any Fraction of 100, 1000, etc...	1428.57 $\times$ 73 =	**1660**<br>1576−1743
Number Sense	Multiplying by Any Fraction of 100, 1000, etc...	7142.85 $\times$ 34.2 =	**40254**<br>38240−42267
Number Sense	Multiplying by Any Fraction of 100, 1000, etc...	333 $\times$ 808 $\times$ 444 =	**60.25**
Number Sense	Multiplying by Any Fraction of 100, 1000, etc...	571428 $\times$ 34 =	**687**<br>652−721
Number Sense	Multiplying by Any Fraction of 100, 1000, etc...	833 $\times$ 612 =	**1112**<br>1056−1168
Number Sense	Multiplying by Any Fraction of 100, 1000, etc...	8333 $\times$(481 + 358)	**2373**<br>2253−2492
Number Sense	Multiplying by Any Fraction of 100, 1000, etc...	234678 $\div$ 9111 =	**4530**<br>4303−4757
Number Sense	Multiplying by Any Fraction of 100, 1000, etc...	428.571 $\times$ 87.5 =	**84142**
Number Sense	Multiplying by Any Fraction of 100, 1000, etc...	375.1 $\times$ 83.33 $\times$ 1.595 =	**615**<br>583−646
Number Sense	Multiplying by Any Fraction of 100, 1000, etc...	8333 $\div$6666 $\times$ 4444 =	**1731**<br>1644−1818
Number Sense	Multiplying by Any Fraction of 100, 1000, etc...	639 $\times$ 375 $\div$ 28 =	**40625**
Number Sense	Multiplying by Any Fraction of 100, 1000, etc...	6250 $\div$ 8333 $\times$ 8888 =	**26**<br>24−28
Number Sense	Multiplying by Any Fraction of 100, 1000, etc...	416666 $\div$ 555 $\times$ 76 =	**37500**<br>35624−39375
Number Sense	Multiplying by Any Fraction of 100, 1000, etc...	375 $\div$ 833 $\times$ 555 =	**49855**<br>47362−52348
Number Sense	Multiplying by Any Fraction of 100, 1000, etc...	857142 $\div$ 428571 $\times$ 7777 =	**5556**<br>5277−5834
Number Sense	Multiplying by Any Fraction of 100, 1000, etc...	54.5454 $\times$ 66.6 $\times$ 58 =	**125**<br>118−132
Number Sense	Multiplying by Any Fraction of 100, 1000, etc...	62.5 $\div$ 83.3 $\times$ 888 =	**8558**<br>8130−8986
Number Sense	Multiplying by Any Fraction of 100, 1000, etc...	1250 $\div$ 1666 $\times$ 4444 =	**6666**<br>6332−7000
Number Sense	Multiplying by Any Fraction of 100, 1000, etc...	85858 $\div$ 585 =	**57057**<br>54204−59910
Number Sense	Multiplying by Any Fraction of 100, 1000, etc...	(51597 $\div$ 147)2 =	**250**<br>237−263
Number Sense	Squares Ending in 5 Trick	25% of 25 =	6.25
Number Sense	Squares Ending in 5 Trick	.35 $\times$ 3.5 =	1.225
Number Sense	Squares Ending in 5 Trick	122 + 2 $\times$ 12 $\times$ 13 + 132 =	625
Number Sense	Squares Ending in 5 Trick	(115)2 =	13225
Number Sense	Squares Ending in 5 Trick	f (x) = 9x2 -12x + 4 , f (19) =	3025
Number Sense	Squares Ending in 5 Trick	45% of 45 - 45=	−24.75
Number Sense	Squares Ending in 5 Trick	124 =	**20736**<br>19699−21773
Number Sense	Squares Ending in 5 Trick	505 $\times$ 505 =	255025
Number Sense	Squares Ending in 5 Trick	A square has an area of	14
Number Sense	Squares Ending in 5 Trick	The tens/ones digits is just the difference the number is from 50, squared (k2).	
Number Sense	Squares Ending in 5 Trick	The remainder of the answer is taken by adding (if the number is greater than 50) or subtracting (if the number is less than 50) that difference from 25.	
Number Sense	Squares from 41-59	48 $\times$ 49 $\times$ 50 =	**9090**
Number Sense	Squares from 41-59	582 =	505
Number Sense	Squares from 41-59	(510)2 = 6. 562 =	5353
Number Sense	Squares from 41-59	47 $\times$ 47 = 7. 59 $\times$ 59 =	6868
Number Sense	Squares from 41-59	532 = 8. 412 =	4141
Number Sense	Squares from 41-59	Find the middle number between the two numbers being multiplied and square it.	4545
Number Sense	Squares from 41-59	Subtract from that the difference between the middle number and one of two numbers squared.	6161
Number Sense	Difference of Squares	552 -522 =	145
Number Sense	Difference of Squares	442 -432 + 422 -412 =	140
Number Sense	Difference of Squares	1112 -110 2 + 1092 -108 2 =	−115
Number Sense	Difference of Squares	112 -222 =	133
Number Sense	Difference of Squares	772 -762 + 752 -742 =	272
Number Sense	Difference of Squares	632 -572 =	−109
Number Sense	Difference of Squares	562 -552 + 542 -532 =	264
Number Sense	Difference of Squares	592 -712 =	175
Number Sense	Difference of Squares	162 -172 + 182 -192 =	−97
Number Sense	Difference of Squares	412 -422 + 432 -442 =	193
Number Sense	Difference of Squares	182 -62 =	153
Number Sense	Difference of Squares	If x2 + 162 = 192, then x2 =	107
Number Sense	Difference of Squares	4.52 -1.52 =	−172
Number Sense	Difference of Squares	212 -202 + 192 -182 =	11.2
Number Sense	Difference of Squares	582 -592 + 602 -612 =	−5.07
Number Sense	Difference of Squares	722 -782 =	254
Number Sense	Difference of Squares	242 -222 + 202 -182 =	540
Number Sense	Difference of Squares	892 -862 + 832 -802 =	218
Number Sense	Difference of Squares	482 -622 =	300
Number Sense	Difference of Squares	742 -762 + 782 -802 =	−30
Number Sense	Difference of Squares	382 -27 2 =	−94
Number Sense	Difference of Squares	312 -332 + 352 -372 =	525
Number Sense	Difference of Squares	482 -44 2 + 402 -36 2 =	326
Number Sense	Difference of Squares	792 -762 + 732 -702 =	321
Number Sense	Difference of Squares	732 -722 =	170
Number Sense	Difference of Squares	362 -342 =	438
Number Sense	Difference of Squares	572 -582 =	−363
Number Sense	Difference of Squares	672 -662 =	302
Number Sense	Difference of Squares	692 -67 2 =	720
Number Sense	Difference of Squares	542 -552 =	218
Number Sense	Difference of Squares	672 -652 =	−1560
Number Sense	Difference of Squares	882 -872 =	−70
Number Sense	Difference of Squares	482 -492 =	−170
Number Sense	Difference of Squares	972 -962 =	288
Number Sense	Difference of Squares	772 -762 =	105
Number Sense	Difference of Squares	542 -532 =	18
Number Sense	Difference of Squares	422 -442 =	78
Number Sense	Difference of Squares	4.72 -3.32 =	−238
Number Sense	Difference of Squares	1.32 -2.62 =	−900
Number Sense	Difference of Squares	652 -642 + 632 -622 =	168
Number Sense	Difference of Squares	242 -62 =	1014
Number Sense	Difference of Squares	562 -552 + 542 -532 =	−1540
Number Sense	Difference of Squares	762 -74 2 =	−616
Number Sense	Difference of Squares	3.52 -6.52 =	715
Number Sense	Difference of Squares	222 -232 + 242 -252 =	−272
Number Sense	Difference of Squares	552 -502 =	672
Number Sense	Difference of Squares	832 -822 + 812 -802 =	894
Number Sense	Difference of Squares	If a + b is even then the last two digits are 25.	
Number Sense	Difference of Squares	If a + b is odd then the last two digits are 75.	
Number Sense	Difference of Squares	The remainder of the answer is just a $\cdot$ b + l	
Number Sense	Multiplying Two Numbers Ending in 5	35 $\times$ 45 =	1575
Number Sense	Multiplying Two Numbers Ending in 5	95 $\times$ 45 =	4275
Number Sense	Multiplying Two Numbers Ending in 5	35 $\times$ 65 =	2275
Number Sense	Multiplying Two Numbers Ending in 5	85 $\times$ 55 =	4675
Number Sense	Multiplying Two Numbers Ending in 5	65 $\times$ 45 =	2925
Number Sense	Multiplying Two Numbers Ending in 5	35 $\times$ 85 =	2975
Number Sense	Multiplying Two Numbers Ending in 5	65 $\times$ 95 =	6175
Number Sense	Multiplying Two Numbers Ending in 5	55 $\times$ 95 =	245
Number Sense	Multiplying Two Numbers Ending in 5	The fractional part of the answer is just the two fractions multiplied together.	137
Number Sense	Multiplying Two Numbers Ending in 5	If the whole part in the problem is n then the whole part of the answer is just n $\cdot$(n + 1) Here is another example problem to show the procedure:	53.04
Number Sense	Multiplying Mixed Numbers	35	135 =	8
Number Sense	Multiplying Mixed Numbers	11 $\times$ 14 =	19
Number Sense	Multiplying Mixed Numbers	22 $\times$ 25 =	15
Number Sense	Multiplying Mixed Numbers	19 $\times$ 23 =	22
Number Sense	Multiplying Mixed Numbers	27 $\times$ 32 =	13
Number Sense	Multiplying Mixed Numbers	16 $\times$ 19 =	24
Number Sense	Multiplying Mixed Numbers	29 $\times$ 34 =	28
Number Sense	Multiplying Mixed Numbers	31 $\times$ 34 =	8
Number Sense	Multiplying Mixed Numbers	14 $\times$ 17 -3 =	11
Number Sense	Multiplying Mixed Numbers	11 $\times$ 14 + 3 =	23
Number Sense	Multiplying Mixed Numbers	17 $\times$ 18 -17 =	13
Number Sense	Multiplying Mixed Numbers	22 $\times$ 25 -22 =	−14
Number Sense	Multiplying Mixed Numbers	14 $\times$ 17 -14 =	−18
Number Sense	Multiplying Mixed Numbers	17 $\times$ 121 =	−225
Number Sense	Multiplying Mixed Numbers	13 $\times$ 16 -13 =	−217
Number Sense	Multiplying Mixed Numbers	11 $\times$ 12 -11 =	30
Number Sense	Multiplying Mixed Numbers	7 $\times$ 15 - 7=	−216
Number Sense	Multiplying Mixed Numbers	14 $\times$ 17 -14 =	−12
Number Sense	Multiplying Mixed Numbers	13 $\times$ 16 + 13 =	−315
Number Sense	Multiplying Mixed Numbers	13 $\times$ 17 + 4 =	−217
Number Sense	Multiplying Mixed Numbers	13 $\times$ 14 -13 = 23. 13 $\times$ 15 -13 =	−117
Number Sense	Combination of Tricks	12 $\times$ 14 $\times$ 16 = 3. ( ) 13 $\times$ 15 $\times$ 17 =	**1**
Number Sense	Combination of Tricks	21 $\times$ 31 $\times$ 41 = 4. ( ) 14 $\times$ 16 $\times$ 28 =	**3**
Number Sense	Combination of Tricks	146 $\times$ 5 $\times$ 154 =	**0**
Number Sense	Combination of Tricks	24 $\times$ 34 $\times$ 44 =	**2**
Number Sense	Combination of Tricks	24 $\times$ 36 $\times$ 48 =	**2**
Number Sense	Combination of Tricks	44 $\times$ 25 $\times$ 112 =	**2**
Number Sense	Combination of Tricks	22 $\times$ 25 $\times$ 28 =	**4**
Number Sense	Combination of Tricks	83 $\times$ 87 $\times$ 91 =	**0**
Number Sense	Combination of Tricks	43 $\times$ 47 $\times$ 51 =	**4**
Number Sense	Combination of Tricks	27 $\times$ 29 $\times$ 31 $\times$33=	**1**
Number Sense	Combination of Tricks	23 $\times$ 33 $\times$ 43 =	**2**
Number Sense	Combination of Tricks	29 $\times$ 127 + 31 $\times$ 213 =	**5**
Number Sense	Combination of Tricks	41 $\times$ 44 $\times$ 47 =	**2**
Number Sense	Combination of Tricks	31 $\times$ 42 $\times$ 53 =	**2**
Number Sense	Combination of Tricks	22 $\times$ 44 $\times$ 66 =	**2**
Number Sense	Combination of Tricks	39 $\times$ 40 $\times$ 41 =	**3**
Number Sense	Combination of Tricks	$\sqrt{}$3 1329 $\times$$\sqrt{}$171 $\times$ 15 =	**3**
Number Sense	Combination of Tricks	42 $\times$ 48 $\times$ 45 =	**0**
Number Sense	Combination of Tricks	52 $\times$ 55 $\times$58=	**5**
Number Sense	Combination of Tricks	18 $\times$ 20 $\times$ 22 =	**2**
Number Sense	Combination of Tricks	24 $\times$ 34 $\times$ 44 =	**4**
Number Sense	Combination of Tricks	80 $\times$ 82 $\times$ 84 =	**3**
Number Sense	Combination of Tricks	28 $\times$ 30 $\times$ 32 =	**6**
Number Sense	Combination of Tricks	66 $\times$ 68 $\times$ 70 =	**2**
Number Sense	Combination of Tricks	63 $\times$ 65 $\times$67=	**3**
Number Sense	Combination of Tricks	41 $\times$ 43 $\div$ 51 $\times$ 53 =	**2**
Number Sense	Combination of Tricks	67 $\times$ 56 + 65 $\times$ 76 =	**2**
Number Sense	Combination of Tricks	56 $\times$ 45 + 54 $\times$ 65 =	**2**
Number Sense	Combination of Tricks	112 $\times$ 123 + 132 $\times$ 121 =	**2688**<br>2553−2823
Number Sense	Combination of Tricks	29 $\times$ 11 + 31 $\times$ 109 =	**26691**<br>25356−28026
Number Sense	Combination of Tricks	752 $\div$ 252 $\times$ 504 =	**3315**<br>3149−3481
Number Sense	Combination of Tricks	183 $\times$ 153 $\div$ 93 =	**6272**<br>5958−6586
Number Sense	Combination of Tricks	505 $\div$ 255 $\times$ 55 =	**35904**<br>34108−37700
Number Sense	Combination of Tricks	243 $\times$ 213 $\div$ 44 =	**41472**<br>39398−43545
Number Sense	Combination of Tricks	213 $\times$ 182 $\div$ 93 =	**15400**<br>14630−16170
Number Sense	Combination of Tricks	754 $\div$ 503 $\times$ 252 =	**97917**
Number Sense	Combination of Tricks	242 $\times$ 183 $\div$ 6 4 =	31005 −34269
Number Sense	Combination of Tricks	$\sqrt{}$3 3380 $\times$$\sqrt{}$223 $\times$16=	**10286**<br>9771−10801
Number Sense	Dividing by 9 Trick	354 $\div$ 9 =	4 21
Number Sense	Dividing by 9 Trick	503 $\div$ 9 =	1 24
Number Sense	Dividing by 9 Trick	2003 $\div$ 9 =	3 40
Number Sense	Dividing by 9 Trick	321 $\div$ 9 =	1
Number Sense	Dividing by 9 Trick	456 $\div$ 9 =	4 −17
Number Sense	Dividing by 9 Trick	1234 $\div$ 9 =	7 −
Number Sense	Dividing by 9 Trick	12345 $\div$ 9 =	1 −4
Number Sense	Dividing by 9 Trick	2475 $\div$ 45 =	1 −510
Number Sense	Dividing by 9 Trick	=	%	784
Number Sense	Dividing by 9 Trick	=	%	10.24
Number Sense	Dividing by 9 Trick	=	%	841
Number Sense	Dividing by 9 Trick	= %	256
Number Sense	Dividing by 9 Trick	4 =	%	961
Number Sense	Dividing by 9 Trick	=	%	4.84
Number Sense	Dividing by 9 Trick	27.5% = (frac.)	1156
Number Sense	Dividing by 9 Trick	1.6 is	% of 20	289
Number Sense	Dividing by 9 Trick	48 is	% greater than 40	529
Number Sense	Dividing by 9 Trick	=	%	361
Number Sense	Dividing by 9 Trick	32 is what % of 80?	324
Number Sense	Dividing by 9 Trick	= (dec.) 40	5.76
Number Sense	Dividing by 9 Trick	(23)(51)	529
Number Sense	Dividing by 9 Trick	72 is what % of 400?	%	1024
Number Sense	Dividing by 9 Trick	.0125 = % (frac.)	484
Number Sense	Dividing by 9 Trick	Take the difference between the most significant and the least significant digit and multiply it by 100	196
Number Sense	Dividing by 9 Trick	Then subtract from that result the difference between the digits. Let’s look at an example:	441
Number Sense	Memorizations: Cubes	✓3 (1728) =	12
Number Sense	Memorizations: Cubes	$\sqrt{}$3 1730 $\times$ 145 =	**1331**
Number Sense	Memorizations: Cubes	113 =	
Number Sense	Memorizations: Cubes	(27 $\div$ 216) 3	
Number Sense	Memorizations: Cubes	14 $\times$ 14 $\times$14= 23. If x = 7 then ( x + 3)(x2 -3 x + 9) =	
Number Sense	Memorizations: Cubes	$\sqrt{}$676 $\div$$\sqrt{}$3 -2197 =	
Number Sense	Memorizations: Cubes	123 =	
Number Sense	Memorizations: Cubes	(1.728) 3 =	
Number Sense	Memorizations: Cubes	163 =	
Number Sense	Memorizations: Cubes	83 $\times$ 53 =	
Number Sense	Memorizations: Cubes	$\sqrt{}$3 1728 $\div$$\sqrt{}$36 =	−9
Number Sense	Memorizations: Cubes	115 $\div$121=	512
Number Sense	Memorizations: Cubes	114 $\div$ 11 =	3375
Number Sense	Memorizations: Cubes	(-12)3 =	1728
Number Sense	Memorizations: Cubes	89 $\times$ 90 $\times$ 91 =	
Number Sense	Memorizations: Cubes	(2197) 3 =	
Number Sense	Memorizations: Cubes	.729 =	
Number Sense	Memorizations: Cubes	(-729) 3	
Number Sense	Memorizations: Cubes	(121)3 =	
Number Sense	Memorizations: Cubes	83 =	
Number Sense	Memorizations: Cubes	34 -63 + 92 =	1653 −
Number Sense	Memorizations: Cubes	153 =	
Number Sense	Memorizations: Cubes	12 $\times$ 12 $\times$ 12 =	
Number Sense	Memorizations: Cubes	$\sqrt{}$225 $\times$$\sqrt{}$3 3375 =	
Number Sense	Memorizations: Cubes	(125 $\div$	
Number Sense	Memorizations: Cubes	83 -93 =	
Number Sense	Memorizations: Cubes	133 =	
Number Sense	Memorizations: Cubes	7 $\times$ 7 $\times$ 7 =	
Number Sense	Memorizations: Cubes	133 $\times$ 34 =	
Number Sense	Memorizations: Cubes	23 $\times$ 53 $\times$ 73 =	
Number Sense	Memorizations: Cubes	6 $\times$ 6 $\times$ 6 =	1682982 −
Number Sense	Memorizations: Cubes	15 $\times$ 15 $\times$ 15 =	−54
Number Sense	Memorizations: Cubes	119 $\times$ 120 $\times$ 121 =	
Number Sense	Memorizations: Cubes	143 $\times$ 45 =	
Number Sense	Memorizations: Cubes	84 =	
Number Sense	Memorizations: Cubes	Powers of 2 , 3, 5	
Number Sense	Memorizations: Cubes	53 + 33 + 23 =	1 8
Number Sense	Memorizations: Cubes	23 -33 -43 =	−83
Number Sense	Memorizations: Cubes	($\sqrt{}$64 -$\sqrt{}$36)5 =	32
Number Sense	Memorizations: Cubes	5x = 125 , x 5 =	243
Number Sense	Memorizations: Cubes	43 -53 =	−61
Number Sense	Memorizations: Cubes	2x+1 = 32 , x -1 =	3
Number Sense	Memorizations: Cubes	23 + 33 + 53 =	160
Number Sense	Memorizations: Cubes	53 -33 =	98
Number Sense	Memorizations: Cubes	$\sqrt{}$3 125 $\times$ 512 =	40
Number Sense	Memorizations: Cubes	23 + 33 + 43 -53 =	−26
Number Sense	Memorizations: Cubes	x3 = 64, so 3x =	−.875
Number Sense	Memorizations: Cubes	45 $\times$ 55 =	3200000
Number Sense	Memorizations: Cubes	272 =	729
Number Sense	Memorizations: Cubes	If x5 = -32, then 5x =	.04
Number Sense	Memorizations: Cubes	25 $\times$ 53 =	−17
Number Sense	Memorizations: Cubes	84 $\times$ 54 =	2560000
Number Sense	Memorizations: Cubes	55 + 44 + 33 + 22 + 11 =	**3413**<br>3242−3584
Number Sense	Memorizations: Cubes	26 $\times$ 54 =	40000
Number Sense	Memorizations: Cubes	5x-1 = 3125, then x + 1 =	7
Number Sense	Memorizations: Cubes	23 -33 -5 3 =	6 7
Number Sense	Memorizations: Cubes	63 + 43 + 23 =	.081
Number Sense	Memorizations: Cubes	34 + 43 = 5 $\cdot$ x, then x =	288
Number Sense	Memorizations: Cubes	51 + 42 + 33 + 24 + 15 =	**29**
Number Sense	Memorizations: Cubes	9x = 243, then x =	61 −69
Number Sense	Memorizations: Cubes	83 $\times$ 53 =	2.5
Number Sense	Memorizations: Cubes	23 $\times$ 83 $\times$ 5 3 =	64000
Number Sense	Memorizations: Cubes	25 $\times$ 34 $\times$ 52 =	512000
Number Sense	Memorizations: Cubes	24 $\times$ 72 $\times$ 53 =	648000
Number Sense	Memorizations: Cubes	42 $\times$ 52 $\times$ 6 2 =	−.375
Number Sense	Memorizations: Cubes	25 $\times$ 33 $\times$ 5 2 =	−3
Number Sense	Memorizations: Cubes	23 $\times$ 34 $\times$ 55 =	7 %
Number Sense	Memorizations: Cubes	(33 -23 + 13) $\times$ 53 =	2025000
Number Sense	Memorizations: Cubes	25 $\times$ 34 $\times$ 52 =	15
Number Sense	Memorizations: Cubes	25 $\times$ 34 $\times$ 55 =	3
Number Sense	Memorizations: Cubes	23 $\times$ 32 $\times$ 42 $\times$ 53 =	−.27
Number Sense	Memorizations: Cubes	Important Fractions	121
Number Sense	Memorizations: 10101 Trick	572 $\times$ 21 = 20. 429 $\times$357=	2042
Number Sense	Memorizations: 10101 Trick	37 $\times$ 999 =	44
Number Sense	Memorizations: 10101 Trick	14 $\times$ 715 =	2003
Number Sense	Memorizations: 10101 Trick	33.67 $\times$ 15 =	199
Number Sense	Memorizations: 10101 Trick	715 $\times$ 35 =	1666
Number Sense	Memorizations: 10101 Trick	3367 $\times$ 21 =	444
Number Sense	Memorizations: 10101 Trick	1073 $\div$ 29 =	277
Number Sense	Memorizations: 10101 Trick	715 $\times$ 28 =	1459
Number Sense	Memorizations: 10101 Trick	429 $\times$ 35 =	999
Number Sense	Memorizations: 10101 Trick	63 $\times$ 429 =	2222
Number Sense	Memorizations: 10101 Trick	1073 $\div$ 37 =	−89
Number Sense	Memorizations: 10101 Trick	444 $\times$ 37 =	2100
Number Sense	Memorizations: 10101 Trick	42 $\times$ 429 =	999
Number Sense	Memorizations: 10101 Trick	21 $\times$ 336.7 =	1073
Number Sense	Memorizations: 10101 Trick	36 $\times$ 3.367 =	30030
Number Sense	Memorizations: 10101 Trick	715 $\times$ 49 =	70070
Number Sense	Memorizations: 10101 Trick	33.67 $\times$ 27 =	999
Number Sense	Memorizations: 10101 Trick	707 $\times$ 715 =	55055
Number Sense	Memorizations: 10101 Trick	429 $\times$ 21 =	1364
Number Sense	Memorizations: 10101 Trick	336.7 $\times$3.3 =	2006
Number Sense	Memorizations: 10101 Trick	707 $\times$ 429 =	556
Number Sense	Memorizations: 10101 Trick	385 $\times$ 13 =	505
Number Sense	Memorizations: 10101 Trick	63 $\times$ 572 =	1530
Number Sense	Memorizations: 10101 Trick	111 $\times$ 27 =	121.121
Number Sense	Memorizations: 10101 Trick	143 $\times$ 49 = 1001 $\times$	35035
Number Sense	Memorizations: 10101 Trick	539 $\times$ 13 =	909.09
Number Sense	Memorizations: 10101 Trick	29 $\times$ 37 =	20
Number Sense	Memorizations: 10101 Trick	666 $\times$ 37 =	401
Number Sense	Memorizations: 10101 Trick	42 $\times$ 715 =	2997
Number Sense	Memorizations: 10101 Trick	715 $\times$ 98 =	11011
Number Sense	Memorizations: 10101 Trick	333 =	50175
Number Sense	Memorizations: 10101 Trick	27 $\times$ 37 =	84
Number Sense	Memorizations: 10101 Trick	462 $\times$ 13 =	7007
Number Sense	Memorizations: 10101 Trick	715 $\times$ 77 =	36
Number Sense	Memorizations: 10101 Trick	999 =	712 −788
Number Sense	Memorizations: 10101 Trick	105 $\times$715=	1
Number Sense	Memorizations: 10101 Trick	6006 $\div$ 462 =	6006
Number Sense	Memorizations: 10101 Trick	444 $\times$ 37 =	49
Number Sense	Memorizations: 10101 Trick	888 $\times$ 37 =	13
Number Sense	Memorizations: 10101 Trick	770 $\times$ 13 =	48
Number Sense	Memorizations: 10101 Trick	666 $\times$ 27 =	10010
Number Sense	Memorizations: 10101 Trick	888 $\times$ 37 =	96
Number Sense	Memorizations: 10101 Trick	777 $\times$ 37 =	256
Number Sense	Memorizations: 10101 Trick	143 $\times$ 77 =	11011
Number Sense	Memorizations: 10101 Trick	143 $\times$ 63 =	9009 51. 90 57. 328 63. 324 9
Number Sense	Memorizations: 10101 Trick	999 $\times$ 37 =	36036
Number Sense	Memorizations: 10101 Trick	666 $\times$ 27 =	7007
Number Sense	Memorizations: 10101 Trick	84 $\times$ 429 =	60
Number Sense	Memorizations: 10101 Trick	888 $\times$ 27 =	
Number Sense	Memorizations: 10101 Trick	143 $\times$ 49 =	9009
Number Sense	Memorizations: 10101 Trick	999 $\times$ 27 =	
Number Sense	Memorizations: 10101 Trick	444 $\times$ 37 =	4 16 9
Number Sense	Memorizations: 10101 Trick	143 $\times$ 13 $\times$7=	11011
Number Sense	Memorizations: 10101 Trick	222 $\times$ 27 =	96
Number Sense	Memorizations: 10101 Trick	666 $\times$ 37 =	2 24 3
Number Sense	Memorizations: 10101 Trick	63 $\times$ 143 =	147
Number Sense	Memorizations: 10101 Trick	999 $\times$ 27 =	
Number Sense	Memorizations: 10101 Trick	555 $\times$ 37 =	81 64. 185
Number Sense	Memorizations: 10101 Trick	444 $\times$ 27 =	74
Number Sense	Memorizations: 10101 Trick	143 $\times$ 77 =	65. 175 1 789 3
Number Sense	Memorizations: 10101 Trick	1001 $\times$ 25 = 143 $\times$	37
Number Sense	Memorizations: 10101 Trick	3 $\times$ 11 $\times$ 13 $\times$ 21 =	13013
Number Sense	Memorizations: 10101 Trick	3 $\times$ 5 $\times$ 7 $\times$ 11 $\times$ 13 =	
Number Sense	Memorizations: Roman Numerals	A dodecahedron has vertices.	81
Number Sense	Memorizations: Roman Numerals	An icosahedron has congruent faces.	1728
Number Sense	Memorizations: Roman Numerals	The area of the base of a tetrahedron is	81
Number Sense	Memorizations: Roman Numerals	A tetrahedron has vertices.	3
Number Sense	Memorizations: Roman Numerals	An octahedron has edges.	27
Number Sense	Memorizations: Roman Numerals	A hexahedron has faces.	9
Number Sense	Memorizations: Roman Numerals	A dodecahedron is a platonic solid	5184
Number Sense	Memorizations: Roman Numerals	An octahedron has vertices.	2.5
Number Sense	Memorizations: Roman Numerals	An icosahedron is a platonic solid with	10000
Number Sense	Memorizations: Roman Numerals	π and e Approximations	3520
Number Sense	Memorizations: Fluid and Weight Conversions	1 quart = cups	60
Number Sense	Memorizations: Fluid and Weight Conversions	1 quart = ounces	10
Number Sense	Memorizations: Fluid and Weight Conversions	3 pints = ounces	20
Number Sense	Memorizations: Fluid and Weight Conversions	3 gallons = cubic inches	35
Number Sense	Memorizations: Fluid and Weight Conversions	2 quarts is what % of a pint:	840
Number Sense	Memorizations: Fluid and Weight Conversions	6 tablespoons is % of a cup	30
Number Sense	Memorizations: Fluid and Weight Conversions	9 cups is what % of a quart:	28
Number Sense	Memorizations: Fluid and Weight Conversions	A quart is what % of a cup:	10
Number Sense	Memorizations: Fluid and Weight Conversions	2 gallon = cubic inches 3	336
Number Sense	Memorizations: Fluid and Weight Conversions	1 gallon =	cubic inches	6
Number Sense	Memorizations: Fluid and Weight Conversions	2541 cubic inches = gallons	7
Number Sense	Memorizations: Fluid and Weight Conversions	3 pints is what % of a cup:	6
Number Sense	Memorizations: Fluid and Weight Conversions	75% of 1 gallon = ounces	6
Number Sense	Memorizations: Fluid and Weight Conversions	256 ounces = pounds	24
Number Sense	Memorizations: Fluid and Weight Conversions	750 pounds = % of a ton	84
Number Sense	Memorizations: Fluid and Weight Conversions	75% of a gallon = pints	6
Number Sense	Memorizations: Fluid and Weight Conversions	12 % of a pint =	ounces 2	4
Number Sense	Memorizations: Fluid and Weight Conversions	4 pints is what % of a gallon:	12
Number Sense	Memorizations: Fluid and Weight Conversions	3 pints is what % of a gallon:	720
Number Sense	Memorizations: Fluid and Weight Conversions	5 gallons = cubic inches	8
Number Sense	Memorizations: Fluid and Weight Conversions	32 ounces = pints	56
Number Sense	Memorizations: Fluid and Weight Conversions	3.5 pints = quarts	70
Number Sense	Memorizations: Fluid and Weight Conversions	2.5 pints =	cups	7
Number Sense	Memorizations: Fluid and Weight Conversions	37.5% of a gallon is pints	55
Number Sense	Memorizations: Fluid and Weight Conversions	62.5% of a gallon is quarts	385
Number Sense	Memorizations: Fluid and Weight Conversions	16 ounces is what part of a gallon:	24
Number Sense	Memorizations: Fluid and Weight Conversions	1 gallon = cubic inches 3	24
Number Sense	Memorizations: Fluid and Weight Conversions	3 quarts and 2 pints = ounces	39
Number Sense	Memorizations: Fluid and Weight Conversions	7 quarts and 6 pints = gallons	54
Number Sense	Memorizations: Fluid and Weight Conversions	Double the given temperature in Celsius.	35
Number Sense	Memorizations: Fluid and Weight Conversions	Move the decimal over to the left one and subtract that from the doubled number.	160
Number Sense	Memorizations: Fluid and Weight Conversions	Add 32 to that result to get the answer.	7
Number Sense	Memorizations: Trigonometric Values	1.25*π* *=	*◦	−2	2. 3
Number Sense	Memorizations: Trigonometric Values	sin(300 ◦ ) $\times$ cos(330 ◦ ) =	
Number Sense	Memorizations: Trigonometric Values	sin ( - π ) $\times$ cos ( π ) =	0
Number Sense	Memorizations: Trigonometric Values	630*◦* *= *kπ*, *k *=	1	2
Number Sense	Memorizations: Trigonometric Values	sin(-30 ◦ ) =	
Number Sense	Memorizations: Trigonometric Values	cos θ = .375 then sec θ =	−10
Number Sense	Memorizations: Trigonometric Values	sin(3 π ) =	−2
Number Sense	Memorizations: Trigonometric Values	tan(225 ◦ ) =	−1
Number Sense	Memorizations: Trigonometric Values	sin θ = -.1 then csc θ =	10
Number Sense	Memorizations: Trigonometric Values	sin	=	
Number Sense	Memorizations: Trigonometric Values	cos(-5 π ) =	
Number Sense	Memorizations: Trigonometric Values	π = ◦	
Number Sense	Memorizations: Trigonometric Values	cos(sec-1 3) =	
Number Sense	Memorizations: Trigonometric Values	5*π* *=	*◦	
Number Sense	Memorizations: Trigonometric Values	*π* *=	*◦	
Number Sense	Memorizations: Trigonometric Values	cos(sin-1 1) =	
Number Sense	Memorizations: Trigonometric Values	tan(-45 ◦ ) =	
Number Sense	Memorizations: Trigonometric Values	sin(- π ) =	
Number Sense	Memorizations: Trigonometric Values	cos(-300 ◦ ) =	
Number Sense	Memorizations: Trigonometric Values	cos ( -4 π ) + sin ( -5 π ) =	
Number Sense	Memorizations: Trigonometric Values	csc(-150 ◦ ) =	
Number Sense	Memorizations: Trigonometric Values	sec(120 ◦ ) =	
Number Sense	Memorizations: Trigonometric Values	tan(-225 ◦ ) =	
Number Sense	Memorizations: Trigonometric Values	3*π* *=	*◦	
Number Sense	Memorizations: Trigonometric Values	tan(-45 ◦ ) =	
Number Sense	Memorizations: Trigonometric Values	tan(315 ◦ ) =	
Number Sense	Memorizations: Trigonometric Values	2 sin 120 ◦ cos 30 ◦ =	
Number Sense	Memorizations: Trigonometric Values	cos(240 ◦ ) -sin(150 ◦ ) =	
Number Sense	Memorizations: Trigonometric Values	sin(cos-1 1) =	
Number Sense	Memorizations: Trigonometric Values	If 0 ◦ < x < 90◦ and tan x = cot x, x =	
Number Sense	Memorizations: Trigonometric Values	280 ◦ = kπ then k =	
Number Sense	Memorizations: Trigonometric Values	sec θ = -3, θ is in QIII, then cos θ =	
Number Sense	Memorizations: Trigonometric Values	tan	=	
Number Sense	Memorizations: Trigonometric Values	cos	
Number Sense	Memorizations: Trigonometric Values	sin	
Number Sense	Memorizations: Trigonometric Values	cos θ = .08333 . . . then sec θ =	−1
Number Sense	Memorizations: Trigonometric Values	sin(5 π ) + cos(5 π ) =	−1
Number Sense	Memorizations: Trigonometric Values	sec(60 ◦ ) =	
Number Sense	Memorizations: Trigonometric Values	sin 30 ◦ + cos 60 ◦ = tan x	
Number Sense	Memorizations: Trigonometric Values	cos θ = -.25 then sec θ =	
Number Sense	Memorizations: Trigonometric Values	tan2 60 ◦ =	
Number Sense	Memorizations: Trigonometric Values	cos(120 ◦ ) $\times$ cos(120 ◦ ) =	
Number Sense	Memorizations: Trigonometric Values	216 ◦ = kπ, k =	
Number Sense	Memorizations: Trigonometric Values	cot2 60 ◦ =	
Number Sense	Memorizations: Trigonometric Values	tan(30 ◦ ) $\times$ cot(60 ◦ ) =	
Number Sense	Memorizations: Trigonometric Values	cos ( - π ) $\times$ cos ( π ) =	
Number Sense	Memorizations: Trigonometric Values	sin	
Number Sense	Memorizations: Trigonometric Values	sin	
Number Sense	Memorizations: Trigonometric Values	cos(-3 π ) -sin(-3 π ) =	−4
Number Sense	Memorizations: Double Angle Formulas	2 sin 15 ◦ cos 15 ◦ =	−92. −53. 11
Number Sense	Memorizations: Double Angle Formulas	cos2 30 ◦ + sin2 30 ◦ =	5
Number Sense	Memorizations: Double Angle Formulas	cos2 30 ◦ -sin2 30 ◦ =	2
Number Sense	Memorizations: Double Angle Formulas	2 sin 30 ◦ sin 30 ◦ -1 =	3
Number Sense	Memorizations: Double Angle Formulas	1 -sin2 30 ◦ =	8
Number Sense	Memorizations: Double Angle Formulas	2 sin 15 ◦ sin 75 ◦ =	−3
Number Sense	Memorizations: Double Angle Formulas	cos 22 ◦ = sin θ, 0◦ < θ < 90◦, θ =	5
Number Sense	Memorizations: Double Angle Formulas	If sin(A) = , then cos(2A) = 5	−2
Number Sense	Memorizations: Double Angle Formulas	2 sin 15 ◦ cos 15 ◦ -1 =	3
Number Sense	Memorizations: Double Angle Formulas	3 csc2 45 ◦ -3 cot2 45 ◦ =	−4
Number Sense	Memorizations: Double Angle Formulas	cos2 30 ◦ -sin2 30 ◦ =	308
Number Sense	Memorizations: Double Angle Formulas	sin 105 ◦ cos 105 ◦ =	−2
Number Sense	Memorizations: Double Angle Formulas	sin 38 ◦ = cos θ, 270◦ < θ < 360◦, θ =	−2
Number Sense	Memorizations: Double Angle Formulas	cos 75 ◦ sin 75 ◦ =	−2
Number Sense	Memorizations: Double Angle Formulas	sin 15 ◦ cos 45 ◦ -sin 45 ◦ cos 15 ◦ =	1
Number Sense	Memorizations: Double Angle Formulas	2 -4 sin2 30 ◦ =	−2
Number Sense	Memorizations: Double Angle Formulas	cos 95 ◦ cos 25 ◦ -sin 95 ◦ sin 25 ◦ =	1
Number Sense	Memorizations: Double Angle Formulas	sin + cos =	−2
Number Sense	Memorizations: Double Angle Formulas	sin 30 ◦ cos 60 ◦ -sin 60 ◦ cos 30 ◦ =	−2
Number Sense	Memorizations: Double Angle Formulas	cos 15 ◦ sin 45 ◦ -cos 45 ◦ sin 15 ◦ =	10*π
Number Sense	Memorizations: Double Angle Formulas	(1 -sin 60 ◦ )(1 + sin 60 ◦ ) = 27. 2 tan2 θ -2 sec2 θ =	2
Number Sense	Memorizations: Discriminant and Roots	The discriminant of 2x2 -3x = 1 is:	−64
Number Sense	Memorizations: Discriminant and Roots	For what value of k does	9 2 3. 3
Number Sense	Memorizations: Discriminant and Roots	For x2	2x	3k *= 0 to have	0
Number Sense	Memorizations: Discriminant and Roots	Arrange the numbers so that n1 < n 2 then find the remainder when n2 is divided by n1 and call it r1.	−7
Number Sense	Memorizations: Discriminant and Roots	Now divide n1 by r1 and get a remainder of r2.	64
Number Sense	Memorizations: Discriminant and Roots	Continue the procedure until any of the remainders are 0 and the number you are dividing by is the GCD or when you notice what the GCD of any pair of numbers is.	4
Number Sense	Memorizations: Discriminant and Roots	Find the GCD of two of the numbers.	32
Number Sense	Memorizations: Discriminant and Roots	Find the LCM of those two numbers by using the GCD and the above formula.	−
Number Sense	Memorizations: Discriminant and Roots	Calculate the GCD of the LCM of those two numbers and the third number.	10.
Number Sense	Miscellaneous: Finding Units Digit of xn	Find the units digit of 197:	9
Number Sense	Miscellaneous: Finding Units Digit of xn	Find the units digit of 176:	9
Number Sense	Miscellaneous: Finding Units Digit of xn	Find the units digit of 88:	6
Number Sense	Miscellaneous: Finding Units Digit of xn	Find the units digit of 77:	3
Number Sense	Miscellaneous: Finding Units Digit of xn	Find the units digit of 1313:	3
Number Sense	Miscellaneous: Finding Units Digit of xn	Find the units digit of 175:	7
Number Sense	Miscellaneous: Finding Units Digit of xn	i78 =	−1
Number Sense	Miscellaneous: Finding Units Digit of xn	i66 =	−1
Number Sense	Miscellaneous: Finding Units Digit of xn	Find the units digit of 165:	6
Number Sense	Miscellaneous: Exponent Rules	6x *= 34,then 6x+2 =	12. 8x *= 256,then x *=	1224
Number Sense	Miscellaneous: Exponent Rules	3x = 70.1,then 3x+2 = 13. 27x = 81, then x =	630.9
Number Sense	Miscellaneous: Exponent Rules	4x+1 = 2,then 4x-1 =	
Number Sense	Miscellaneous: Exponent Rules	28 $\div$ 43 has a remainder of:	
Number Sense	Miscellaneous: Exponent Rules	6x = 72,then 6x-2 = 15. 9x = 27x+2, then x =	
Number Sense	Miscellaneous: Exponent Rules	7x = 14,then 7x-2 = 16. n4 = 49,then n6 =	
Number Sense	Miscellaneous: Exponent Rules	4x = .125,then 42x = 17. 16x = 169,then 4x =	
Number Sense	Miscellaneous: Exponent Rules	8x = 17,then 82x = 18. 53x = 252+x,then x =	
Number Sense	Miscellaneous: Exponent Rules	2x = 14.6,then 2x+1 = 19. n6 = 1728,then n4 =	
Number Sense	Miscellaneous: Exponent Rules	4x = 32,then x =	324
Number Sense	Miscellaneous: Exponent Rules	9x = 108,then 32x+1 =	216
Number Sense	Miscellaneous: Exponent Rules	4x $\div$ 16x = 4-2,then x =	
Number Sense	Miscellaneous: Exponent Rules	68 $\div$ 8 has a remainder of:	
Number Sense	Miscellaneous: Exponent Rules	62x = 36,then 63x =	
Number Sense	Miscellaneous: Log Rules	-2 log3 x = 4, x =	
Number Sense	Miscellaneous: Log Rules	log12 2 + log12 8 + log12 9 =	
Number Sense	Miscellaneous: Log Rules	log3 40 -log3 8 + log3 1.8 =	
Number Sense	Miscellaneous: Log Rules	logx 216 = 3, x =	
Number Sense	Miscellaneous: Log Rules	f (x) = log3 x -4, f (3) =	
Number Sense	Miscellaneous: Log Rules	log8 16 =	
Number Sense	Miscellaneous: Log Rules	log x 343 = 3, x =	
Number Sense	Miscellaneous: Log Rules	If log .25 = 3, then log 4 =	7
Number Sense	Miscellaneous: Log Rules	(log5 6)(log6 5) =	−3
Number Sense	Miscellaneous: Log Rules	log3 216 $\div$ log3 6 =	1
Number Sense	Miscellaneous: Log Rules	log3 32 -log3 16 + log3 1.5 =	3
Number Sense	Miscellaneous: Log Rules	log2 64 $\div$ log2 4 =	1
Number Sense	Miscellaneous: Log Rules	log4 32 + log4 2 -log4 16 =	3
Number Sense	Miscellaneous: Log Rules	log5 625 $\times$ log5 25 $\div$ log5 125 =	
Number Sense	Miscellaneous: Log Rules	log4 8 $\times$ log8 4 =	
Number Sense	Miscellaneous: Log Rules	log4 256 $\div$ log4 16 $\times$ log4 64 =	
Number Sense	Miscellaneous: Log Rules	log4 8 = N then 2N =	
Number Sense	Miscellaneous: Log Rules	log9 3 = W then 3W =	
Number Sense	Miscellaneous: Log Rules	logk 32 = 5, k =	
Number Sense	Miscellaneous: Log Rules	log3[log2(log2 256)] =	
Number Sense	Miscellaneous: Log Rules	log4 .5 = k, k =	
Number Sense	Miscellaneous: Log Rules	log5[log4(log3 81)] =	
Number Sense	Miscellaneous: Log Rules	log16 8 = w, w =	
Number Sense	Miscellaneous: Log Rules	log9 k = 2.5, k =	
Number Sense	Miscellaneous: Log Rules	log2[log3(log2 512)] =	
Number Sense	Miscellaneous: Log Rules	logb .5 = -.5, b =	
Number Sense	Miscellaneous: Log Rules	log b 8 = 3, b =	
Number Sense	Miscellaneous: Log Rules	log3[log4(log5 625)] =	
Number Sense	Miscellaneous: Log Rules	log4 8 = k, k =	
Number Sense	Miscellaneous: Log Rules	log4[log3(log5 125)] =	
Number Sense	Miscellaneous: Log Rules	log4 .125 = k, k =	
Number Sense	Miscellaneous: Log Rules	log8(3x -2) = 2, x =	0
Number Sense	Miscellaneous: Log Rules	log4[log2(log6 36)] =	2
Number Sense	Miscellaneous: Log Rules	log8	2
Number Sense	Miscellaneous: Log Rules	log5 x2	6
Number Sense	Miscellaneous: Log Rules	300 log 600 =	**−3**
Number Sense	Miscellaneous: Log Rules	4 log9 k = 2, k =	9
Number Sense	Miscellaneous: Log Rules	log4 x = -.5, x =	1
Number Sense	Miscellaneous: Log Rules	log x 64 = 3, x-2 = 49. log x 64 = 1.5, x =	1
Number Sense	Miscellaneous: Log Rules	logk 1728 = 3, k = 51. log9(log3 27) =	6
Number Sense	Miscellaneous: Square Root Problems	$\sqrt{}$75 $\times$$\sqrt{}$27 =	45
Number Sense	Miscellaneous: Square Root Problems	$\sqrt{}$75 $\times$$\sqrt{}$48 =	60
Number Sense	Miscellaneous: Square Root Problems	$\sqrt{}$44 $\times$$\sqrt{}$99 =	66
Number Sense	Miscellaneous: Square Root Problems	$\sqrt{}$39 $\times$$\sqrt{}$156 =	78
Number Sense	Miscellaneous: Square Root Problems	$\sqrt{}$27 $\times$$\sqrt{}$48 =	36
Number Sense	Miscellaneous: Square Root Problems	$\sqrt{}$44 $\times$ 11 =	28
Number Sense	Miscellaneous: Square Root Problems	$\sqrt{}$96 $\times$ 24 =	22
Number Sense	Miscellaneous: Square Root Problems	$\sqrt{}$72 $\times$ 18 = =	48
Number Sense	Miscellaneous: Square Root Problems	$\sqrt{}$45 $\div$$\sqrt{}$80 =	36
Number Sense	Miscellaneous: Square Root Problems	$\sqrt{}$28 $\div$$\sqrt{}$63 =	40
Number Sense	Miscellaneous: Square Root Problems	$\sqrt{}$98 $\times$ 8 = 12. $\sqrt{}$3 125 $\times$ 512 =	
Number Sense	Miscellaneous: Square Root Problems	Figure out how many digits you are going to have by noticing how many three-digit “sets” there are. Most will only be two digit numbers, however this is not guaranteed.	
Number Sense	Miscellaneous: Square Root Problems	To find out the units digit, look at the units digit of the number given and think about what number cubed would give that result.	
Number Sense	Miscellaneous: Square Root Problems	After that, you want to disregard the last three digits, and look at the remaining number and find out what number cubed is the first integer less than that value.	
Number Sense	Miscellaneous: Square Root Problems	Well you have two, three-digit “sets” (the sets being 584 and 830). This means that we are looking for a two-digit number in our answer.	
Number Sense	Miscellaneous: Square Root Problems	The last digit is 4, so what number cubed ends in a 4? The answer is that 43 = 64 so the last digit of the answer is 4.	
Number Sense	Miscellaneous: Square Root Problems	Now we disregard the first set of three (584) and look at the remaining numbers (830). So what number cubed is less than 830. Well we know 103 = 1000 and 93 = 729 so 9 is the largest integer so that when cubed is less than 830. So that is the tens digit.	
Number Sense	Miscellaneous: Square Root Problems	The answer is 94.	
Number Sense	Miscellaneous: Finding Approximations of Square Roots	$\sqrt{}$15376 = 5. ( ) $\sqrt{}$6543210 =	**124**<br>117−131
Number Sense	Miscellaneous: Finding Approximations of Square Roots	$\sqrt{}$3 830584 = 6. $\sqrt{}$3 658503 =	94
Number Sense	Miscellaneous: Finding Approximations of Square Roots	$\sqrt{}$23456 = 7. ( ) $\sqrt{}$6213457 =	**153**<br>145−161
Number Sense	Miscellaneous: Finding Approximations of Square Roots	$\sqrt{}$32905 = 8. ( ) $\sqrt{}$173468 =	**182**<br>172−191
Number Sense	Miscellaneous: Finding Approximations of Square Roots	$\sqrt{}$6420135 =	**2558**<br>2430−2686
Number Sense	Miscellaneous: Finding Approximations of Square Roots	$\sqrt{}$872143 =	**87**
Number Sense	Miscellaneous: Finding Approximations of Square Roots	$\sqrt{}$272727 =	**2493**<br>2368−2618
Number Sense	Miscellaneous: Finding Approximations of Square Roots	$\sqrt{}$80808 =	**417**<br>395−438
Number Sense	Miscellaneous: Finding Approximations of Square Roots	$\sqrt{}$97531 =	**2534**<br>2407−2661
Number Sense	Miscellaneous: Finding Approximations of Square Roots	$\sqrt{}$86420 =	**934**<br>887−981
Number Sense	Miscellaneous: Finding Approximations of Square Roots	$\sqrt{}$38527 =	**523**<br>496−549
Number Sense	Miscellaneous: Finding Approximations of Square Roots	$\sqrt{}$32323 =	**197**<br>186−207
Number Sense	Miscellaneous: Finding Approximations of Square Roots	$\sqrt{}$18220 =	**180**<br>170−189
Number Sense	Miscellaneous: Finding Approximations of Square Roots	$\sqrt{}$25252 =	**135**<br>128−142
Number Sense	Miscellaneous: Finding Approximations of Square Roots	$\sqrt{}$265278 =	**159**<br>150−167
Number Sense	Miscellaneous: Finding Approximations of Square Roots	$\sqrt{}$81818 =	**515**<br>489−541
Number Sense	Miscellaneous: Finding Approximations of Square Roots	$\sqrt{}$262626 =	**286**<br>271−301
Number Sense	Miscellaneous: Finding Approximations of Square Roots	$\sqrt{}$765432 =	**513**<br>486−539
Number Sense	Miscellaneous: Finding Approximations of Square Roots	$\sqrt{}$3 217777 $\times$$\sqrt{}$3777 $\times$ 57 =	**875**<br>831−919
Number Sense	Miscellaneous: Finding Approximations of Square Roots	$\sqrt{}$3 26789 $\times$$\sqrt{}$911 $\times$ 31 =	**285**<br>270−299
Number Sense	Miscellaneous: Finding Approximations of Square Roots	$\sqrt{}$3 215346 $\times$$\sqrt{}$3690 $\times$ 57 =	**312**<br>296−328
Number Sense	Miscellaneous: Finding Approximations of Square Roots	$\sqrt{}$3 2006 $\times$ 6002 =	**294**<br>279−309
Number Sense	Miscellaneous: Finding Approximations of Square Roots	$\sqrt{}$3 63489 $\times$$\sqrt{}$1611 $\times$ 41 =	**7660**<br>7276−8043
Number Sense	Miscellaneous: Finding Approximations of Square Roots	$\sqrt{}$4 14643 $\times$$\sqrt{}$3 1329 $\times$$\sqrt{}$120 =	**200220**
Number Sense	Miscellaneous: Complex Numbers	(9 -3i)(3 + 9i) = a + bi, a =	15
Number Sense	Miscellaneous: Complex Numbers	(8 + 3i)(3 -8i) = a + bi, a =	61
Number Sense	Miscellaneous: Complex Numbers	(2 + 3i) $\div$(2i) = a + bi, a =	−6
Number Sense	Miscellaneous: Complex Numbers	(3 -4i)(3 + 4i) =	24
Number Sense	Miscellaneous: Complex Numbers	(24 -32i)(24 + 32i) =	54
Number Sense	Miscellaneous: Complex Numbers	(5 + 12i)2 = a + bi, a + b =	48
Number Sense	Miscellaneous: Complex Numbers	(3 -5i)(2 -5i) = a + bi, a + b =	
Number Sense	Miscellaneous: Complex Numbers	(2 -5i)(3 + 5i) = a + bi, a =	
Number Sense	Miscellaneous: Complex Numbers	(2 -5i)(3 -4i) = a + bi, a -b =	1600
Number Sense	Miscellaneous: Complex Numbers	(4 -3i)(2 -i) = a + bi, a -b =	1
Number Sense	Miscellaneous: Complex Numbers	(2 + 7i)(2 -7i) = a + bi, a -b =	−44
Number Sense	Miscellaneous: Complex Numbers	(2 + 3i)(4 + 5i) = a + bi, a =	31
Number Sense	Miscellaneous: Complex Numbers	(3 + 4i)2 = a + bi, a =	
Number Sense	Miscellaneous: Complex Numbers	(4 + 5i)(4 -5i) =	
Number Sense	Miscellaneous: Complex Numbers	The modulus of (11 + 60i)2 is:	
Number Sense	Miscellaneous: Complex Numbers	(0 -3i) = a + bi, b = 5	
Number Sense	Miscellaneous: Complex Numbers	(3 -5i)(2 + i) = a + bi, a + b =	
Number Sense	Miscellaneous: Complex Numbers	(4 - 2i)(3 - i) = a + bi, a + b =	
Number Sense	Miscellaneous: Complex Numbers	(1 + i)9 =	
Number Sense	Miscellaneous: Complex Numbers	(2 + 3i) $\div$(3 -2i) = a + bi, b =	
Number Sense	Miscellaneous: Complex Numbers	(2 - 3i) $\div$(3 - 2i) = a + bi, a =	
Number Sense	Miscellaneous: Complex Numbers	(2i)6 =	
Number Sense	Miscellaneous: Complex Numbers	(3 + 4i) $\div$(5i) = a + bi, a + b =	
Number Sense	Miscellaneous: Complex Numbers	The modulus of (24 + 7i)2 is:	
Number Sense	Miscellaneous: Complex Numbers	(3i -2) $\div$(3i + 2) = a + bi, b =	
Number Sense	Miscellaneous: Complex Numbers	The modulus of (5 + 12i)2 is:	
Number Sense	Miscellaneous: Complex Numbers	(4 -i)2 = a + bi, a =	
Number Sense	Miscellaneous: Complex Numbers	(6 -5i)(6 + 5i) =	
Number Sense	Miscellaneous: Complex Numbers	(5 + i)2 = a + bi, a =	
Number Sense	Miscellaneous: Complex Numbers	The modulus of 14 + 48i is:	−64
Number Sense	Miscellaneous: Complex Numbers	(2 -5i)2 = a + bi, a + b =	25
Number Sense	Miscellaneous: Complex Numbers	(5 + 4i)(3 + 2i) = a + bi, a =	9
Number Sense	Miscellaneous: Complex Numbers	(0 + 4i)2 = a + bi, b =	15
Number Sense	Miscellaneous: Function Inverses	f (x) = 3x + 2, f-1(-2) =	2. 3.
Number Sense	Miscellaneous: Function Inverses	f (x) =	1230
Number Sense	Miscellaneous: Function Inverses	f (x) = 4x , f-1(2) =	254
Number Sense	Miscellaneous: Function Inverses	f (x) = 3 -2x , f-1( 1) =	15 16
Number Sense	Miscellaneous: Function Inverses	f (x) = 2 -3x, f-1(1) =	102
Number Sense	Miscellaneous: Function Inverses	f (x) = x2 -1 and x > 0, f-1(8) =	7.
Number Sense	Miscellaneous: Function Inverses	f (x) = 5 + 3x, f-1(-2) =	1010
Number Sense	Miscellaneous: Function Inverses	f (x) = 4 -3x, f-1(2) =	13 24
Number Sense	Miscellaneous: Function Inverses	f (x) = 2x + 1, f-1(3) =	1010
Number Sense	Miscellaneous: Function Inverses	g(x) = 3x + 2, g-1(-1) =	11. 12.
Number Sense	Miscellaneous: Function Inverses	h(x) = 2x -3, h-1(-1) =	110
Number Sense	Miscellaneous: Function Inverses	f (x) = 2(x + 3), f-1(-4) =	21
Number Sense	Miscellaneous: Function Inverses	f (x) = 2 -3x, f-1(4) =	9
Number Sense	Miscellaneous: Function Inverses	h(x) = 5x -3, h-1(2) =	.21
Number Sense	Miscellaneous: Function Inverses	h(x) = 5 - 3x, h-1(-2) =	16. 17.
Number Sense	Miscellaneous: Function Inverses	f (x) = 2x + 2, f-1(-2) =	27
Number Sense	Miscellaneous: Function Inverses	f (x) = 3x -3, f-1(-3) =	202
Number Sense	Miscellaneous: Function Inverses	f (x) = 4 -4x, f-1(-4) =	.21
Number Sense	Miscellaneous: Function Inverses	f (x) = 3x -1 , f-1(1) =	.42
Number Sense	Miscellaneous: Function Inverses	f (x) = 2x + 1 ,f -1(3) =	333
Number Sense	Miscellaneous: Multiplication	1126 + 46 =	6	1120
Number Sense	Miscellaneous: Multiplication	536 $\times$ 46 =	6	1122 3. 133
Number Sense	Miscellaneous: Multiplication	1012 -112 =	2	10
Number Sense	Miscellaneous: Multiplication	445 $\times$ 45 =	5	11011
Number Sense	Miscellaneous: Multiplication	247 $\div$ 67 + 247 =	7	78
Number Sense	Miscellaneous: Multiplication	236 + 456 -506 =	6	11100101 7. 11011
Number Sense	Miscellaneous: Multiplication	235* *$\times$ 45 *-10*5 =	5	181
Number Sense	Miscellaneous: Multiplication	1234 $\div$ 34 =	4	223
Number Sense	Miscellaneous: Multiplication	4315 $\div$ 45 =	5	101101
Number Sense	Miscellaneous: Multiplication	2223 $\times$ 23 =	3	100011010 11. 110110
Number Sense	Miscellaneous: Multiplication	(215 -125) $\times$ 115 =	5	−44
Number Sense	Miscellaneous: Multiplication	269 $\div$ 69 =	9	33
Number Sense	Miscellaneous: Multiplication	378 + 568 =	8	23
Number Sense	Miscellaneous: Multiplication	889 + 829 =	9	11011
Number Sense	Miscellaneous: Multiplication	1006 -446 =	6	123
Number Sense	Miscellaneous: Multiplication	1048 -478 =	8	210
Number Sense	Miscellaneous: Multiplication	1435 $\div$ 45 =	5	121
Number Sense	Miscellaneous: Multiplication	229* *-66*9 =	9	143
Number Sense	Miscellaneous: Multiplication	1357* *$\times$ 4*7 =	7	143
Number Sense	Miscellaneous: Multiplication	1324 -334 =	4	220
Number Sense	Miscellaneous: Multiplication	425 -345 + 235 =	5	24
Number Sense	Miscellaneous: Multiplication	1235* *$\times$ 4*5 =	5	30
Number Sense	Miscellaneous: Multiplication	334* *$\times$ 34 *-21*4 =	4	22
Number Sense	Miscellaneous: Multiplication	227 $\times$ 47 =	7	142
Number Sense	Miscellaneous: Multiplication	336 $\times$ 36 =	6	21
Number Sense	Miscellaneous: Multiplication	226 + 336 + 446 =	6	104
Number Sense	Miscellaneous: Multiplication	448 $\times$ 48 =	8	1221
Number Sense	Miscellaneous: Multiplication	326 $\div$ 56 $\times$ 46 =	6	44
Number Sense	Miscellaneous: Multiplication	(334 + 224) $\times$ 114 =	4	1331
Number Sense	Miscellaneous: Multiplication	2356 $\div$ 56 =	6	31
Number Sense	Miscellaneous: Multiplication	5437* *$\div$ 6*7 =	7	64
Number Sense	Miscellaneous: Multiplication	2345 + 4325 =	5	1221
Number Sense	Miscellaneous: Multiplication	334 $\times$ 24 -114 =	4	121
Number Sense	Miscellaneous: Multiplication	445 $\times$ 25 + 335 =	5	231
Number Sense	Miscellaneous: Multiplication	(135 + 125) $\times$ 115 =	5	330
Number Sense	Miscellaneous: Multiplication	114 $\times$ 214 -34 =	4	222
Number Sense	Miscellaneous: Multiplication	125 + 235 + 345 =	5	124
Number Sense	Miscellaneous: Multiplication	(224 + 334) $\times$ 114 =	4	1331
Number Sense	Miscellaneous: Changing Bases: Miscellaneous Topics	.555 . *. *.7 =	10	4. 5.
Number Sense	Miscellaneous: Changing Bases: Miscellaneous Topics	The remainder when 1234567 is	3	7
Number Sense	Miscellaneous: Changing Bases: Miscellaneous Topics	.666 . *. *.8 =	10	
Number Sense	Miscellaneous: Changing Bases: Miscellaneous Topics	.777 . *. *.9 =	10	
Number Sense	Miscellaneous: Changing Bases: Miscellaneous Topics	.111 . *. *.5 =	10	
Number Sense	Miscellaneous: Changing Bases: Miscellaneous Topics	In the form: .aaaaa . . .	
Number Sense	Miscellaneous: Changing Bases: Miscellaneous Topics	In the form: .ababa . . .	
Number Sense	Miscellaneous: Repeating Decimals	.303303 . . . = 12. .099099099 . . . =	
Number Sense	Miscellaneous: Repeating Decimals	.272727 . . . = 6. .020202 . . . =	
Number Sense	Miscellaneous: Repeating Decimals	.414141 . . . = 7. .727272 . . . =	
Number Sense	Miscellaneous: Repeating Decimals	.212121 . . . = 8. .151515 . . . =	
Number Sense	Miscellaneous: Repeating Decimals	.818181 . . . = 9. .308308 . . . =	
Number Sense	Miscellaneous: Repeating Decimals	.363636 . . . = 10. .231231 . . . =	
Number Sense	Miscellaneous: Repeating Decimals	In the form: .abbbb . . .	10.
Number Sense	Miscellaneous: Repeating Decimals	87 $\div$ 6 has a remainder of:	90
Number Sense	Miscellaneous: Repeating Decimals	If N is a positive integer and 4N $\div$ 5 has a remainder of 2	
Number Sense	Miscellaneous: Repeating Decimals	then N $\div$ 5 has a remainder of: x + 3 ~= 9(mod 5), 0 $\leq$ x $\leq$ 4, then x =	
Number Sense	Miscellaneous: Repeating Decimals	3x ~= 17(mod 5), 0 $\leq$ x $\leq$ 5, then x =	
Number Sense	Miscellaneous: Repeating Decimals	3x -2 ~= 4(mod 7), 0 $\leq$ x $\leq$ 7, then x =	
Number Sense	Miscellaneous: Repeating Decimals	68 $\div$ 7 has a remainder of:	
Number Sense	Miscellaneous: Repeating Decimals	14.	
Number Sense	Miscellaneous: Repeating Decimals	.23333 . . . =	
Number Sense	Miscellaneous: Repeating Decimals	.32222 . . . =	
Number Sense	Miscellaneous: Repeating Decimals	.21111 . . . =	
Number Sense	Miscellaneous: Repeating Decimals	.32222 . . . =	
Number Sense	Miscellaneous: Repeating Decimals	.01222 . . . =	
Number Sense	Miscellaneous: Repeating Decimals	In the form: .abcbcbc . . .	
Number Sense	Miscellaneous: Repeating Decimals	.2131313 . . . = 7. .2717171 . . . =	
Number Sense	Miscellaneous: Repeating Decimals	.1232323 . . . =	
Number Sense	Miscellaneous: Repeating Decimals	.2313131 . . . =	
Number Sense	Miscellaneous: Repeating Decimals	.3050505 . . . =	
Number Sense	Miscellaneous: Repeating Decimals	.2050505 . . . =	
Number Sense	Miscellaneous: Repeating Decimals	.2353535 . . . =	
Number Sense	Miscellaneous: Repeating Decimals	.0474747 . . . =	
Number Sense	Miscellaneous: Repeating Decimals	.2141414 . . . =	
Number Sense	Miscellaneous: Repeating Decimals	.3141414 . . . = 11. .1232323 . . . =	
Number Sense	Miscellaneous: Repeating Decimals	1 $\cdot$ 1! + 2 $\cdot$ 2! + $\cdot$$\cdot$$\cdot$+ n $\cdot$ n !	
Number Sense	Miscellaneous: Repeating Decimals	1 $\cdot$ 1! + 2 $\cdot$ 2! + 3 $\cdot$ 3! + 4 $\cdot$ 4! + 5 $\cdot$ 5! =	
Number Sense	Miscellaneous: Repeating Decimals	1 $\cdot$ 1! + 2 $\cdot$ 2! + $\cdot$$\cdot$$\cdot$+ 6 $\cdot$ 6! =	
Number Sense	Miscellaneous: Repeating Decimals	1 $\cdot$1! + 2 $\cdot$2! + $\cdot$$\cdot$$\cdot$+ 7 $\cdot$ 7 ! =	
Number Sense	Miscellaneous: Repeating Decimals	1 $\cdot$ 1! -2 $\cdot$ 2! -3 $\cdot$ 3! -4 $\cdot$ 4! =	
Number Sense	Miscellaneous: Repeating Decimals	2 $\cdot$1! + 3 $\cdot$2! + 4 $\cdot$3! + 5 $\cdot$ 4 ! =	
Number Sense	Miscellaneous: Repeating Decimals	a! ±b!	
Number Sense	Miscellaneous: Fun with Factorials!	=	6!	−11
Number Sense	Miscellaneous: Fun with Factorials!	2! -3! $\times$ 5! =	2
Number Sense	Miscellaneous: Fun with Factorials!	8! $\div$ 6! -4! =	5
Number Sense	Miscellaneous: Fun with Factorials!	5! $\cdot$ 4! =	78
Number Sense	Miscellaneous: Fun with Factorials!	11! -9! =	−8
Number Sense	Miscellaneous: Fun with Factorials!	10! -11! =	24
Number Sense	Miscellaneous: Fun with Factorials!	4 $\times$ 5! -5 $\times$ 4! =	252
Number Sense	Miscellaneous: Fun with Factorials!	4 $\times$ 5! + 5 $\times$ 4! =	−32
Number Sense	Miscellaneous: Fun with Factorials!	6 $\times$ 7! -7 $\times$ 6! =	−48
Number Sense	Miscellaneous: Fun with Factorials!	6 $\cdot$ 5 $\cdot$ 4! -5! =	18
Number Sense	Miscellaneous: Fun with Factorials!	(2! + 3!) $\div$ 5! =	2
Number Sense	Miscellaneous: Fun with Factorials!	(2! $\times$ 3!) -4! =	−15
Number Sense	Miscellaneous: Fun with Factorials!	7! $\div$ 6! -5! =	14
Number Sense	Miscellaneous: Fun with Factorials!	7 $\times$ 5! -6! =	4
Number Sense	Miscellaneous: Fun with Factorials!	10 $\times$ 9! -10! $\times$ 9 =	172
Number Sense	Miscellaneous: Fun with Factorials!	8! $\times$ 7 -8 $\times$ 7! =	19
Number Sense	Miscellaneous: Fun with Factorials!	11 $\times$10! -11! $\times$ 10 =	6
Number Sense	Miscellaneous: Fun with Factorials!	6! $\div$(3! $\times$ 2!) =	18
Number Sense	Miscellaneous: Integration	x2 + 3 dx =	5338
Number Sense	Miscellaneous: Integration	dx =	13013
Number Sense	Miscellaneous: Integration	The one’s and ten’s digit of the answer is simply the last two digits when performing the multiplication of the groups of bc and ef .	6868
Number Sense	Miscellaneous: Integration	Almost always there will be a carry – possibly a two-digit carry – when performing this multiplication.	4316
Number Sense	Miscellaneous: Integration	The remainder of the answer is just the leading digit of the three-digit number, a, multiplied by the two-digit number, ef , plus the carry.	10706
Number Sense	Multiplying Three-Digit Number by Three-Digit Number	212 $\times$ 311 =	5609
Number Sense	Multiplying Three-Digit Number by Three-Digit Number	2082 =	13216
Number Sense	Multiplying Three-Digit Number by Three-Digit Number	4042 =	2024
Number Sense	Multiplying Three-Digit Number by Three-Digit Number	331 $\times$ 122 =	4224
Number Sense	Multiplying Three-Digit Number by Three-Digit Number	7072 =	38016
Number Sense	Multiplying Three-Digit Number by Three-Digit Number	131 $\times$ 223 =	13209
Number Sense	Multiplying Three-Digit Number by Three-Digit Number	4022 =	112221
Number Sense	Multiplying Three-Digit Number by Three-Digit Number	234 $\times$ 211 =	50609
Number Sense	Multiplying Three-Digit Number by Three-Digit Number	9092 =	49374
Number Sense	Multiplying Three-Digit Number by Three-Digit Number	123 $\times$ 321 =	826281
Number Sense	Multiplying Three-Digit Number by Three-Digit Number	3062 =	39483
Number Sense	Multiplying Three-Digit Number by Three-Digit Number	222 $\times$ 203 =	93636
Number Sense	Multiplying Three-Digit Number by Three-Digit Number	317 $\times$ 245 =	45066
Number Sense	Multiplying Three-Digit Number by Three-Digit Number	2042 =	77665
Number Sense	Multiplying Three-Digit Number by Three-Digit Number	4082 =	41616
Number Sense	Multiplying Three-Digit Number by Three-Digit Number	8042 =	166464
Number Sense	Multiplying Three-Digit Number by Three-Digit Number	344 $\times$ 522 =	179568
Number Sense	Multiplying Three-Digit Number by Three-Digit Number	121 $\times$ 411 =	49731
Number Sense	Multiplying Three-Digit Number by Three-Digit Number	221 $\times$ 141 =	31161
Number Sense	Multiplying Three-Digit Number by Three-Digit Number	131 $\times$ 212 =	27772
Number Sense	Multiplying Three-Digit Number by Three-Digit Number	124 $\times$ 312 =	38688
Number Sense	Multiplying Three-Digit Number by Three-Digit Number	311 $\times$ 122 =	37942
Number Sense	Multiplying Three-Digit Number by Three-Digit Number	412 $\times$ 112 =	46144
Number Sense	Multiplying Three-Digit Number by Three-Digit Number	123 $\times$ 301 =	37023
Number Sense	Multiplying Three-Digit Number by Three-Digit Number	511 $\times$ 212 =	108332
Number Sense	Multiplying Three-Digit Number by Three-Digit Number	151 $\times$ 115 =	17365
Number Sense	Multiplying Three-Digit Number by Three-Digit Number	213 $\times$ 331 =	70503
Number Sense	Multiplying Three-Digit Number by Three-Digit Number	141 $\times$ 114 =	16074
Number Sense	Multiplying Three-Digit Number by Three-Digit Number	243 $\times$ 151 =	36693
Number Sense	Multiplying Three-Digit Number by Three-Digit Number	215 $\times$ 152 =	32680
Number Sense	Multiplying Three-Digit Number by Three-Digit Number	132 $\times$ 214 =	28248
Number Sense	Multiplying Three-Digit Number by Three-Digit Number	135 $\times$ 152 =	20520
Number Sense	Multiplying Three-Digit Number by Three-Digit Number	344 $\times$ 522 =	179568
Number Sense	Multiplying Three-Digit Number by Three-Digit Number	126 $\times$ 214 =	26964
Number Sense	Multiplying Three-Digit Number by Three-Digit Number	415 $\times$ 312 =	129480
Number Sense	Multiplying Three-Digit Number by Three-Digit Number	215 $\times$ 321 =	69015
Number Sense	Multiplying Three-Digit Number by Three-Digit Number	113 $\times$ 314 =	35482
Number Sense	Multiplying Three-Digit Number by Three-Digit Number	414 $\times$ 325 =	134550
Number Sense	Multiplying by Fraction Close to 1	14 $\times$ 17 -14 =	2 91
Number Sense	Multiplying by Fraction Close to 1	6 $\times$ 8 + 5 = (mixed number)	2 −105
Number Sense	Multiplying by Fraction Close to 1	13 $\times$ 15 = (mixed number)	4 957
Number Sense	Multiplying by Fraction Close to 1	18 $\times$ 20 = (mixed number)	2 495
Number Sense	Multiplying by Fraction Close to 1	12 $\times$ 14 = (mixed number)	5 −497
Number Sense	Multiplying by Fraction Close to 1	13 $\times$ 14 + 13 = (mixed number)	1 −210
Number Sense	Multiplying by Fraction Close to 1	13 $\times$ 14 -13 =	1 392
Number Sense	Multiplying by Fraction Close to 1	17 $\times$ 18 -17 =	2 6225
Number Sense	Multiplying by Fraction Close to 1	14 $\times$ 17 -14 =	114
Number Sense	Multiplying by Fraction Close to 1	13 $\times$ 16 -13 =	460
Number Sense	Multiplying by Fraction Close to 1	11 $\times$ 13 = (mixed number)	88
Number Sense	Multiplying by Fraction Close to 1	11 $\times$ 17 = (mixed number)	748
Number Sense	Multiplying by Fraction Close to 1	n2 + n = (n + 1)2 -(n + 1)	693
Number Sense	Factorizations	If xy = 1 and x + y = -2, then x3 + y3 =	−2
Number Sense	Factorizations	If xy = 3 and x -y = -1, then x3 -y3 =	−10
Number Sense	Factorizations	If x + y = 1 and xy = 3, then x3 + y3 =	−8
Number Sense	Factorizations	If x -y = 2 and xy = 5, then x3 -y3 =	
Number Sense	Factorizations	If xy = 5 and x + y = 4, then x3 + y3 =	
Number Sense	Factorizations	If xy = -3 and x -y = -2, then x3 -y3 =	10
Number Sense	Sum of the Reciprocals of Triangular Numbers	+ + + =	4.
Number Sense	Sum of the Reciprocals of Triangular Numbers	+ + =	7	5.
Number Sense	Geometric and Harmonic Means	The harmonic mean of 5 and 7 is	
Number Sense	Geometric and Harmonic Means	If x3 -	x2 -	x *+	= 0, then then the	
Number Sense	Geometric and Harmonic Means	If x3 -11x2 + 38x = 40, then the harmonic	
Number Sense	Geometric and Harmonic Means	If x3 + 3x2 + 2 x + 1 = 0, then the harmonic mean of the roots is	−113
Number Sense	Geometric and Harmonic Means	If x3 + 4x2 + 13 x + 7 = 0, then the harmonic mean of the roots is	2
Number Sense	Geometric and Harmonic Means	The harmonic mean of the roots of	3
Number Sense	Geometric and Harmonic Means	The positive geometric mean of 8 and 18 is	−4
Number Sense	Distance Between Two Parallel Lines	The distance between the line 3x + 4 y = 5 and the point (1 , 1) is	1
Number Sense	Distance Between Two Parallel Lines	The distance between the point (2 , 1) and the line 3 x + 4 y = 5 is	1
Number Sense	Distance Between Two Parallel Lines	The distance between the line 3 x -4y = -3 and the point (-2 , -3) is	1 5. 7.
Number Sense	Distance Between Two Parallel Lines	The distance between the line 3x *+ 4*y *= 1 and the point (-2*, *2) is	6. 1	8.
Number Sense	Distance Between Two Parallel Lines	The distance between the point (3 , 1) and the line 5 x - 12y = 1 is	
Number Sense	Distance Between Two Parallel Lines	The distance between the line 4x + 3 y = 11 and the point (-2 , 3) is	
Number Sense	Minimal and Maximum Value of Expressions	The minimum value of f (x) = (x + 2)2 + 2 is	2
Number Sense	Minimal and Maximum Value of Expressions	The minimum value of y = 2x2 + 3 is	3
Number Sense	Minimal and Maximum Value of Expressions	The minimum value of f (x) = 2x2 + 4x + 2 is	0
Number Sense	Minimal and Maximum Value of Expressions	The minimum value of f (x) = x2 -2 is	−2
Number Sense	Minimal and Maximum Value of Expressions	The minimum value of sin(2x) -3 is	−4
Number Sense	Minimal and Maximum Value of Expressions	The minimum value of y = x2 + 4x is at y =	
Number Sense	Minimal and Maximum Value of Expressions	The minimum value of sin(3x) -5 is	
Number Sense	Minimal and Maximum Value of Expressions	The minimum value of sin(2x) -3 is	−4
Number Sense	Minimal and Maximum Value of Expressions	The minimum value of y = x2 + 2x -3 is	−4
Number Sense	Minimal and Maximum Value of Expressions	The horizontal asymptote of y = 4x + 2 is	2
Number Sense	Minimal and Maximum Value of Expressions	The maximum value of cos(3x) -2 is	−1
Number Sense	Minimal and Maximum Value of Expressions	The maximum value of 5 -cos(3x) is	6
Number Sense	Minimal and Maximum Value of Expressions	The minimum value of y = 3x2 + 4x is	−3
Number Sense	Minimal and Maximum Value of Expressions	The range of the function y = -x4 + 4 is y $\leq$	4
